task_id,solution,time_taken
Task000.json,"[[None, 1, ""Hit-Or-Miss"", ""SE8""], [1, 2, ""Dilation"", ""SE6""], [1, 2, ""Erosion"", ""SE6""], [2, 1, ""Dilation"", ""SE5""], [2, 1, ""Dilation"", ""SE7""], [2, 1, ""Dilation"", ""SE8""], [2, 1, ""Dilation"", ""SE1""], [2, 1, ""Erosion"", ""SE1""], [2, 1, ""Erosion"", ""SE5""], [2, 1, ""Erosion"", ""SE7""], [None, 1, ""change_color"", [[0, 0, 0], [1, 0, 1], [1, 1, 2], [0, 1, 2]]]]",25671.52
Task001.json,"[[None, 1, ""Hit-Or-Miss"", ""SE7""], [1, 4, ""Dilation"", ""SE7""], [1, 4, ""Erosion"", ""SE7""], [2, 1, ""Dilation"", ""SE2""], [2, 1, ""Dilation"", ""SE7""], [2, 1, ""Dilation"", ""SE5""], [2, 1, ""Dilation"", ""SE7""], [2, 1, ""Erosion"", ""SE5""], [2, 1, ""Erosion"", ""SE2""], [2, 1, ""Erosion"", ""SE7""], [None, 1, ""change_color"", [[0, 0, 0], [0, 1, 2], [1, 1, 2], [1, 0, 1]]]]",16250.55
Task002.json,"[[None, 1, ""Hit-Or-Miss"", ""SE8""], [1, 3, ""Dilation"", ""SE1""], [1, 3, ""Erosion"", ""SE1""], [2, 1, ""Dilation"", ""SE5""], [2, 1, ""Dilation"", ""SE7""], [2, 1, ""Dilation"", ""SE7""], [2, 1, ""Dilation"", ""SE8""], [2, 1, ""Erosion"", ""SE5""], [2, 1, ""Erosion"", ""SE7""], [2, 1, ""Erosion"", ""SE7""], [None, 1, ""change_color"", [[0, 0, 0], [1, 0, 1], [1, 1, 2], [0, 1, 2]]]]",19847.91
Task005.json,"[[None, 1, ""Hit-Or-Miss"", ""SE7""], [1, 2, ""Dilation"", ""SE6""], [1, 2, ""Erosion"", ""SE6""], [2, 1, ""Dilation"", ""SE1""], [2, 1, ""Dilation"", ""SE1""], [2, 1, ""Dilation"", ""SE5""], [2, 1, ""Dilation"", ""SE7""], [2, 1, ""Erosion"", ""SE5""], [2, 1, ""Erosion"", ""SE1""], [2, 1, ""Erosion"", ""SE1""], [None, 1, ""change_color"", [[0, 0, 0], [1, 0, 1], [1, 1, 2]]]]",21340.71
Task011.json,"[[None, 1, ""Hit-Or-Miss"", ""SE7""], [1, 4, ""Dilation"", ""SE3""], [1, 4, ""Erosion"", ""SE3""], [2, 1, ""Dilation"", ""SE1""], [2, 1, ""Dilation"", ""SE1""], [2, 1, ""Dilation"", ""SE1""], [2, 1, ""Dilation"", ""SE7""], [2, 1, ""Erosion"", ""SE1""], [2, 1, ""Erosion"", ""SE1""], [2, 1, ""Erosion"", ""SE1""], [None, 1, ""change_color"", [[0, 0, 0], [1, 0, 1], [0, 1, 2], [1, 1, 2]]]]",18180.87
Task012.json,"[[None, 1, ""Hit-Or-Miss"", ""SE7""], [1, 2, ""Dilation"", ""SE2""], [1, 2, ""Erosion"", ""SE2""], [2, 1, ""Dilation"", ""SE1""], [2, 1, ""Dilation"", ""SE1""], [2, 1, ""Dilation"", ""SE1""], [2, 1, ""Dilation"", ""SE7""], [2, 1, ""Erosion"", ""SE1""], [2, 1, ""Erosion"", ""SE1""], [2, 1, ""Erosion"", ""SE1""], [None, 1, ""change_color"", [[0, 0, 0], [1, 0, 1], [1, 1, 2]]]]",18305.74
Task017.json,"[[None, 1, ""Hit-Or-Miss"", ""SE1""], [1, 4, ""Dilation"", ""SE4""], [1, 4, ""Erosion"", ""SE4""], [2, 1, ""Dilation"", ""SE1""], [2, 1, ""Dilation"", ""SE1""], [2, 1, ""Dilation"", ""SE1""], [2, 1, ""Dilation"", ""SE1""], [2, 1, ""Erosion"", ""SE1""], [2, 1, ""Erosion"", ""SE1""], [2, 1, ""Erosion"", ""SE1""], [None, 1, ""change_color"", [[0, 0, 0], [1, 0, 1], [0, 1, 2]]]]",1186.7
Task022.json,"[[None, 1, ""Hit-Or-Miss"", ""SE4""], [1, 4, ""Dilation"", ""SE2""], [1, 4, ""Erosion"", ""SE2""], [2, 1, ""Dilation"", ""SE1""], [2, 1, ""Dilation"", ""SE1""], [2, 1, ""Dilation"", ""SE4""], [2, 1, ""Dilation"", ""SE8""], [2, 1, ""Erosion"", ""SE1""], [2, 1, ""Erosion"", ""SE1""], [2, 1, ""Erosion"", ""SE8""], [None, 1, ""change_color"", [[0, 0, 0], [0, 1, 2], [1, 0, 1], [1, 1, 2]]]]",17801.48
Task023.json,"[[None, 1, ""Hit-Or-Miss"", ""SE1""], [1, 2, ""Dilation"", ""SE6""], [1, 2, ""Erosion"", ""SE6""], [2, 1, ""Dilation"", ""SE1""], [2, 1, ""Dilation"", ""SE1""], [2, 1, ""Dilation"", ""SE5""], [2, 1, ""Dilation"", ""SE4""], [2, 1, ""Erosion"", ""SE1""], [2, 1, ""Erosion"", ""SE1""], [2, 1, ""Erosion"", ""SE5""], [None, 1, ""change_color"", [[0, 0, 0], [1, 0, 1], [1, 1, 2], [0, 1, 2]]]]",1489.39
Task024.json,"[[None, 1, ""Hit-Or-Miss"", ""SE2""], [1, 3, ""Dilation"", ""SE1""], [1, 3, ""Erosion"", ""SE1""], [2, 1, ""Dilation"", ""SE1""], [2, 1, ""Dilation"", ""SE2""], [2, 1, ""Dilation"", ""SE5""], [2, 1, ""Dilation"", ""SE1""], [2, 1, ""Erosion"", ""SE1""], [2, 1, ""Erosion"", ""SE1""], [2, 1, ""Erosion"", ""SE5""], [None, 1, ""change_color"", [[0, 0, 0], [0, 1, 2], [1, 0, 1], [1, 1, 2]]]]",4059.84
Task026.json,"[[None, 1, ""Hit-Or-Miss"", ""SE2""], [1, 3, ""Dilation"", ""SE6""], [1, 3, ""Erosion"", ""SE6""], [2, 1, ""Dilation"", ""SE1""], [2, 1, ""Dilation"", ""SE1""], [2, 1, ""Dilation"", ""SE2""], [2, 1, ""Dilation"", ""SE4""], [2, 1, ""Erosion"", ""SE1""], [2, 1, ""Erosion"", ""SE1""], [2, 1, ""Erosion"", ""SE1""], [None, 1, ""change_color"", [[0, 0, 0], [1, 0, 1], [0, 1, 2], [1, 1, 2]]]]",5782.38
Task028.json,"[[None, 1, ""Hit-Or-Miss"", ""SE7""], [1, 4, ""Dilation"", ""SE6""], [1, 4, ""Erosion"", ""SE6""], [2, 1, ""Dilation"", ""SE2""], [2, 1, ""Dilation"", ""SE2""], [2, 1, ""Dilation"", ""SE7""], [2, 1, ""Dilation"", ""SE8""], [2, 1, ""Erosion"", ""SE2""], [2, 1, ""Erosion"", ""SE2""], [2, 1, ""Erosion"", ""SE8""], [None, 1, ""change_color"", [[0, 0, 0], [1, 0, 1], [0, 1, 2], [1, 1, 2]]]]",43652.72
Task031.json,"[[None, 1, ""Hit-Or-Miss"", ""SE2""], [1, 4, ""Dilation"", ""SE1""], [1, 4, ""Erosion"", ""SE1""], [2, 1, ""Dilation"", ""SE1""], [2, 1, ""Dilation"", ""SE1""], [2, 1, ""Dilation"", ""SE5""], [2, 1, ""Dilation"", ""SE2""], [2, 1, ""Erosion"", ""SE2""], [2, 1, ""Erosion"", ""SE5""], [2, 1, ""Erosion"", ""SE2""], [None, 1, ""change_color"", [[0, 0, 0], [0, 1, 2], [1, 0, 1], [1, 1, 2]]]]",2243.02
Task032.json,"[[None, 1, ""Hit-Or-Miss"", ""SE3""], [1, 2, ""Dilation"", ""SE7""], [1, 2, ""Erosion"", ""SE7""], [2, 1, ""Dilation"", ""SE2""], [2, 1, ""Dilation"", ""SE4""], [2, 1, ""Dilation"", ""SE7""], [2, 1, ""Dilation"", ""SE7""], [2, 1, ""Erosion"", ""SE4""], [2, 1, ""Erosion"", ""SE7""], [2, 1, ""Erosion"", ""SE7""], [None, 1, ""change_color"", [[0, 0, 0], [1, 0, 1], [1, 1, 2], [0, 1, 2]]]]",13110.38
Task036.json,"[[None, 1, ""Hit-Or-Miss"", ""SE7""], [1, 3, ""Dilation"", ""SE4""], [1, 3, ""Erosion"", ""SE4""], [2, 1, ""Dilation"", ""SE1""], [2, 1, ""Dilation"", ""SE1""], [2, 1, ""Dilation"", ""SE4""], [2, 1, ""Dilation"", ""SE7""], [2, 1, ""Erosion"", ""SE1""], [2, 1, ""Erosion"", ""SE1""], [2, 1, ""Erosion"", ""SE1""], [None, 1, ""change_color"", [[0, 0, 0], [1, 0, 1], [1, 1, 2]]]]",31848.32
Task048.json,"[[None, 1, ""Hit-Or-Miss"", ""SE5""], [1, 2, ""Dilation"", ""SE1""], [1, 2, ""Erosion"", ""SE1""], [2, 1, ""Dilation"", ""SE1""], [2, 1, ""Dilation"", ""SE1""], [2, 1, ""Dilation"", ""SE5""], [2, 1, ""Dilation"", ""SE8""], [2, 1, ""Erosion"", ""SE1""], [2, 1, ""Erosion"", ""SE1""], [2, 1, ""Erosion"", ""SE8""], [None, 1, ""change_color"", [[0, 0, 0], [1, 0, 1], [1, 1, 2], [0, 1, 2]]]]",14135.48
Task020.json,"[[None, 1, ""Hit-Or-Miss"", ""SE1""], [1, 3, ""Dilation"", ""SE7""], [1, 3, ""Erosion"", ""SE7""], [2, 1, ""Dilation"", ""SE1""], [2, 1, ""Dilation"", ""SE2""], [2, 1, ""Dilation"", ""SE5""], [2, 1, ""Dilation"", ""SE7""], [2, 1, ""Erosion"", ""SE2""], [2, 1, ""Erosion"", ""SE5""], [2, 1, ""Erosion"", ""SE7""], [None, 1, ""change_color"", [[0, 0, 0], [0, 1, 2], [1, 0, 1], [1, 1, 2]]]]",8337.61
Task004.json,"[[None, 1, ""Hit-Or-Miss"", ""SE8""], [1, 2, ""Dilation"", ""SE1""], [1, 2, ""Erosion"", ""SE1""], [2, 1, ""Dilation"", ""SE1""], [2, 1, ""Dilation"", ""SE1""], [2, 1, ""Dilation"", ""SE4""], [2, 1, ""Dilation"", ""SE5""], [2, 1, ""Erosion"", ""SE1""], [2, 1, ""Erosion"", ""SE1""], [2, 1, ""Erosion"", ""SE5""], [None, 1, ""change_color"", [[0, 0, 0], [0, 1, 0], [1, 0, 1], [1, 1, 2]]]]",13332.5
Task008.json,"[[None, 1, ""Hit-Or-Miss"", ""SE7""], [1, 2, ""Dilation"", ""SE8""], [1, 2, ""Erosion"", ""SE8""], [2, 1, ""Dilation"", ""SE1""], [2, 1, ""Dilation"", ""SE1""], [2, 1, ""Dilation"", ""SE8""], [2, 1, ""Dilation"", ""SE5""], [2, 1, ""Erosion"", ""SE1""], [2, 1, ""Erosion"", ""SE8""], [2, 1, ""Erosion"", ""SE5""], [None, 1, ""change_color"", [[0, 0, 0], [0, 1, 0], [1, 0, 1], [1, 1, 2]]]]",21191.08
Task021.json,"[[None, 1, ""Hit-Or-Miss"", ""SE2""], [1, 4, ""Dilation"", ""SE3""], [1, 4, ""Erosion"", ""SE3""], [2, 1, ""Dilation"", ""SE1""], [2, 1, ""Dilation"", ""SE2""], [2, 1, ""Dilation"", ""SE2""], [2, 1, ""Dilation"", ""SE2""], [2, 1, ""Erosion"", ""SE1""], [2, 1, ""Erosion"", ""SE2""], [2, 1, ""Erosion"", ""SE2""], [None, 1, ""change_color"", [[0, 0, 0], [0, 1, 2], [1, 0, 1], [1, 1, 2]]]]",13006.51
Task009.json,"[[None, 1, ""Hit-Or-Miss"", ""SE1""], [1, 3, ""Dilation"", ""SE6""], [1, 3, ""Erosion"", ""SE6""], [2, 1, ""Dilation"", ""SE1""], [2, 1, ""Dilation"", ""SE1""], [2, 1, ""Dilation"", ""SE2""], [2, 1, ""Dilation"", ""SE5""], [2, 1, ""Erosion"", ""SE1""], [2, 1, ""Erosion"", ""SE2""], [2, 1, ""Erosion"", ""SE5""], [None, 1, ""change_color"", [[0, 0, 0], [0, 1, 2], [1, 0, 1], [1, 1, 2]]]]",7912.94
Task010.json,"[[None, 1, ""Hit-Or-Miss"", ""SE1""], [1, 2, ""Dilation"", ""SE1""], [1, 2, ""Erosion"", ""SE1""], [2, 1, ""Dilation"", ""SE1""], [2, 1, ""Dilation"", ""SE2""], [2, 1, ""Dilation"", ""SE4""], [2, 1, ""Dilation"", ""SE8""], [2, 1, ""Erosion"", ""SE1""], [2, 1, ""Erosion"", ""SE2""], [2, 1, ""Erosion"", ""SE8""], [None, 1, ""change_color"", [[0, 0, 0], [0, 1, 2], [1, 0, 1], [1, 1, 2]]]]",12.38
Task016.json,"[[None, 1, ""Hit-Or-Miss"", ""SE7""], [1, 2, ""Dilation"", ""SE7""], [1, 2, ""Erosion"", ""SE7""], [2, 1, ""Dilation"", ""SE1""], [2, 1, ""Dilation"", ""SE2""], [2, 1, ""Dilation"", ""SE5""], [2, 1, ""Dilation"", ""SE7""], [2, 1, ""Erosion"", ""SE1""], [2, 1, ""Erosion"", ""SE2""], [2, 1, ""Erosion"", ""SE5""], [None, 1, ""change_color"", [[0, 0, 0], [0, 1, 2], [1, 0, 1], [1, 1, 2]]]]",31487.63
Task029.json,"[[None, 1, ""Hit-Or-Miss"", ""SE5""], [1, 2, ""Dilation"", ""SE7""], [1, 2, ""Erosion"", ""SE7""], [2, 1, ""Dilation"", ""SE1""], [2, 1, ""Dilation"", ""SE1""], [2, 1, ""Dilation"", ""SE5""], [2, 1, ""Dilation"", ""SE2""], [2, 1, ""Erosion"", ""SE1""], [2, 1, ""Erosion"", ""SE1""], [2, 1, ""Erosion"", ""SE2""], [None, 1, ""change_color"", [[0, 0, 0], [0, 1, 2], [1, 0, 1], [1, 1, 2]]]]",8570.38
Task006.json,"[[None, 1, ""Hit-Or-Miss"", ""SE5""], [1, 2, ""Dilation"", ""SE4""], [1, 2, ""Erosion"", ""SE4""], [2, 1, ""Dilation"", ""SE1""], [2, 1, ""Dilation"", ""SE1""], [2, 1, ""Dilation"", ""SE5""], [2, 1, ""Dilation"", ""SE4""], [2, 1, ""Erosion"", ""SE1""], [2, 1, ""Erosion"", ""SE1""], [2, 1, ""Erosion"", ""SE1""], [None, 1, ""change_color"", [[0, 0, 0], [1, 0, 1], [1, 1, 2]]]]",4693.14
Task025.json,"[[None, 1, ""Hit-Or-Miss"", ""SE8""], [1, 4, ""Dilation"", ""SE8""], [1, 4, ""Erosion"", ""SE8""], [2, 1, ""Dilation"", ""SE2""], [2, 1, ""Dilation"", ""SE2""], [2, 1, ""Dilation"", ""SE8""], [2, 1, ""Dilation"", ""SE4""], [2, 1, ""Erosion"", ""SE2""], [2, 1, ""Erosion"", ""SE2""], [2, 1, ""Erosion"", ""SE4""], [None, 1, ""change_color"", [[0, 0, 0], [0, 1, 2], [1, 0, 1], [1, 1, 2]]]]",18488.89
Task007.json,"[[None, 1, ""Hit-Or-Miss"", ""SE5""], [1, 3, ""Dilation"", ""SE7""], [1, 3, ""Erosion"", ""SE7""], [2, 1, ""Dilation"", ""SE1""], [2, 1, ""Dilation"", ""SE4""], [2, 1, ""Dilation"", ""SE5""], [2, 1, ""Dilation"", ""SE8""], [2, 1, ""Erosion"", ""SE1""], [2, 1, ""Erosion"", ""SE1""], [2, 1, ""Erosion"", ""SE8""], [None, 1, ""change_color"", [[0, 0, 0], [0, 1, 2], [1, 0, 1], [1, 1, 2]]]]",11353.76
Task013.json,"[[None, 1, ""Hit-Or-Miss"", ""SE7""], [1, 2, ""Dilation"", ""SE5""], [1, 2, ""Erosion"", ""SE5""], [2, 1, ""Dilation"", ""SE1""], [2, 1, ""Dilation"", ""SE1""], [2, 1, ""Dilation"", ""SE1""], [2, 1, ""Dilation"", ""SE7""], [2, 1, ""Erosion"", ""SE1""], [2, 1, ""Erosion"", ""SE1""], [2, 1, ""Erosion"", ""SE1""], [None, 1, ""change_color"", [[0, 0, 0], [1, 0, 1], [1, 1, 2]]]]",13408.24
Task030.json,"[[None, 1, ""Hit-Or-Miss"", ""SE6""], [1, 4, ""Dilation"", ""SE6""], [1, 4, ""Erosion"", ""SE6""], [2, 1, ""Dilation"", ""SE1""], [2, 1, ""Dilation"", ""SE1""], [2, 1, ""Dilation"", ""SE1""], [2, 1, ""Dilation"", ""SE6""], [2, 1, ""Erosion"", ""SE1""], [2, 1, ""Erosion"", ""SE1""], [2, 1, ""Erosion"", ""SE1""], [None, 1, ""change_color"", [[0, 0, 0], [0, 1, 2], [1, 0, 1], [1, 1, 2]]]]",18989.02
Task014.json,"[[None, 1, ""Hit-Or-Miss"", ""SE4""], [1, 2, ""Dilation"", ""SE6""], [1, 2, ""Erosion"", ""SE6""], [2, 1, ""Dilation"", ""SE1""], [2, 1, ""Dilation"", ""SE1""], [2, 1, ""Dilation"", ""SE4""], [2, 1, ""Dilation"", ""SE8""], [2, 1, ""Erosion"", ""SE1""], [2, 1, ""Erosion"", ""SE1""], [2, 1, ""Erosion"", ""SE8""], [None, 1, ""change_color"", [[0, 0, 0], [1, 0, 1], [1, 1, 2]]]]",8024.01
Task015.json,"[[None, 1, ""Hit-Or-Miss"", ""SE2""], [1, 2, ""Dilation"", ""SE8""], [1, 2, ""Erosion"", ""SE8""], [2, 1, ""Dilation"", ""SE1""], [2, 1, ""Dilation"", ""SE1""], [2, 1, ""Dilation"", ""SE2""], [2, 1, ""Dilation"", ""SE5""], [2, 1, ""Erosion"", ""SE2""], [2, 1, ""Erosion"", ""SE2""], [2, 1, ""Erosion"", ""SE5""], [None, 1, ""change_color"", [[0, 0, 0], [0, 1, 2], [1, 0, 1], [1, 1, 2]]]]",7085.58
Task027.json,"[[None, 1, ""Hit-Or-Miss"", ""SE8""], [1, 4, ""Dilation"", ""SE6""], [1, 4, ""Erosion"", ""SE6""], [2, 1, ""Dilation"", ""SE1""], [2, 1, ""Dilation"", ""SE1""], [2, 1, ""Dilation"", ""SE6""], [2, 1, ""Dilation"", ""SE8""], [2, 1, ""Erosion"", ""SE6""], [2, 1, ""Erosion"", ""SE1""], [2, 1, ""Erosion"", ""SE1""], [None, 1, ""change_color"", [[0, 0, 0], [0, 1, 2], [1, 0, 1], [1, 1, 2]]]]",16185.03
Task044.json,"[[None, 1, ""Hit-Or-Miss"", ""SE4""], [1, 3, ""Dilation"", ""SE2""], [1, 3, ""Erosion"", ""SE2""], [2, 1, ""Dilation"", ""SE1""], [2, 1, ""Dilation"", ""SE2""], [2, 1, ""Dilation"", ""SE4""], [2, 1, ""Dilation"", ""SE7""], [2, 1, ""Erosion"", ""SE2""], [2, 1, ""Erosion"", ""SE4""], [2, 1, ""Erosion"", ""SE7""], [None, 1, ""change_color"", [[0, 0, 0], [0, 1, 2], [1, 0, 1], [1, 1, 2]]]]",2521.66
Task052.json,"[[None, 1, ""Hit-Or-Miss"", ""SE1""], [1, 3, ""Dilation"", ""SE1""], [1, 3, ""Erosion"", ""SE1""], [2, 1, ""Dilation"", ""SE1""], [2, 1, ""Dilation"", ""SE1""], [2, 1, ""Dilation"", ""SE2""], [2, 1, ""Dilation"", ""SE5""], [2, 1, ""Erosion"", ""SE1""], [2, 1, ""Erosion"", ""SE2""], [2, 1, ""Erosion"", ""SE5""], [None, 1, ""change_color"", [[0, 0, 0], [0, 1, 2], [1, 0, 1], [1, 1, 2]]]]",385.23
Task045.json,"[[None, 1, ""Hit-Or-Miss"", ""SE7""], [1, 2, ""Dilation"", ""SE4""], [1, 2, ""Erosion"", ""SE4""], [2, 1, ""Dilation"", ""SE1""], [2, 1, ""Dilation"", ""SE1""], [2, 1, ""Dilation"", ""SE7""], [2, 1, ""Dilation"", ""SE8""], [2, 1, ""Erosion"", ""SE1""], [2, 1, ""Erosion"", ""SE1""], [2, 1, ""Erosion"", ""SE8""], [None, 1, ""change_color"", [[0, 0, 0], [1, 0, 1], [1, 1, 2]]]]",43630.07
Task034.json,"[[None, 1, ""Hit-Or-Miss"", ""SE1""], [1, 4, ""Dilation"", ""SE1""], [1, 4, ""Erosion"", ""SE1""], [2, 1, ""Dilation"", ""SE1""], [2, 1, ""Dilation"", ""SE1""], [2, 1, ""Dilation"", ""SE1""], [2, 1, ""Dilation"", ""SE4""], [2, 1, ""Erosion"", ""SE1""], [2, 1, ""Erosion"", ""SE1""], [2, 1, ""Erosion"", ""SE1""], [None, 1, ""change_color"", [[0, 0, 0], [0, 1, 2], [1, 0, 1], [1, 1, 2]]]]",552.37
Task041.json,"[[None, 1, ""Hit-Or-Miss"", ""SE4""], [1, 3, ""Dilation"", ""SE6""], [1, 3, ""Erosion"", ""SE6""], [2, 1, ""Dilation"", ""SE1""], [2, 1, ""Dilation"", ""SE1""], [2, 1, ""Dilation"", ""SE1""], [2, 1, ""Dilation"", ""SE4""], [2, 1, ""Erosion"", ""SE1""], [2, 1, ""Erosion"", ""SE1""], [2, 1, ""Erosion"", ""SE1""], [None, 1, ""change_color"", [[0, 0, 0], [1, 0, 1], [1, 1, 2]]]]",6351.07
Task049.json,"[[None, 1, ""Hit-Or-Miss"", ""SE5""], [1, 4, ""Dilation"", ""SE7""], [1, 4, ""Erosion"", ""SE7""], [2, 1, ""Dilation"", ""SE1""], [2, 1, ""Dilation"", ""SE5""], [2, 1, ""Dilation"", ""SE8""], [2, 1, ""Dilation"", ""SE4""], [2, 1, ""Erosion"", ""SE1""], [2, 1, ""Erosion"", ""SE8""], [2, 1, ""Erosion"", ""SE4""], [None, 1, ""change_color"", [[0, 0, 0], [0, 1, 2], [1, 0, 1], [1, 1, 2]]]]",43390.62
Task035.json,"[[None, 1, ""Hit-Or-Miss"", ""SE7""], [1, 2, ""Dilation"", ""SE2""], [1, 2, ""Erosion"", ""SE2""], [2, 1, ""Dilation"", ""SE1""], [2, 1, ""Dilation"", ""SE1""], [2, 1, ""Dilation"", ""SE1""], [2, 1, ""Dilation"", ""SE7""], [2, 1, ""Erosion"", ""SE1""], [2, 1, ""Erosion"", ""SE1""], [2, 1, ""Erosion"", ""SE1""], [None, 1, ""change_color"", [[0, 0, 0], [1, 0, 1], [1, 1, 2]]]]",10806.99
Task047.json,"[[None, 1, ""Hit-Or-Miss"", ""SE8""], [1, 2, ""Dilation"", ""SE2""], [1, 2, ""Erosion"", ""SE2""], [2, 1, ""Dilation"", ""SE1""], [2, 1, ""Dilation"", ""SE1""], [2, 1, ""Dilation"", ""SE1""], [2, 1, ""Dilation"", ""SE4""], [2, 1, ""Erosion"", ""SE1""], [2, 1, ""Erosion"", ""SE1""], [2, 1, ""Erosion"", ""SE1""], [None, 1, ""change_color"", [[0, 0, 0], [0, 1, 0], [1, 0, 1], [1, 1, 2]]]]",11883.26
Task065.json,"[[None, 1, ""Hit-Or-Miss"", ""SE6""], [1, 2, ""Dilation"", ""SE8""], [1, 2, ""Erosion"", ""SE8""], [2, 1, ""Dilation"", ""SE1""], [2, 1, ""Dilation"", ""SE1""], [2, 1, ""Dilation"", ""SE4""], [2, 1, ""Dilation"", ""SE8""], [2, 1, ""Erosion"", ""SE1""], [2, 1, ""Erosion"", ""SE1""], [2, 1, ""Erosion"", ""SE8""], [None, 1, ""change_color"", [[0, 0, 0], [0, 1, 0], [1, 0, 1], [1, 1, 2]]]]",12543.15
Task066.json,"[[None, 1, ""Hit-Or-Miss"", ""SE1""], [1, 4, ""Dilation"", ""SE7""], [1, 4, ""Erosion"", ""SE7""], [2, 1, ""Dilation"", ""SE1""], [2, 1, ""Dilation"", ""SE1""], [2, 1, ""Dilation"", ""SE1""], [2, 1, ""Dilation"", ""SE6""], [2, 1, ""Erosion"", ""SE1""], [2, 1, ""Erosion"", ""SE1""], [2, 1, ""Erosion"", ""SE6""], [None, 1, ""change_color"", [[0, 0, 0], [0, 1, 2], [1, 0, 1], [1, 1, 2]]]]",7467.59
Task059.json,"[[None, 1, ""Hit-Or-Miss"", ""SE1""], [1, 2, ""Dilation"", ""SE4""], [1, 2, ""Erosion"", ""SE4""], [2, 1, ""Dilation"", ""SE1""], [2, 1, ""Dilation"", ""SE1""], [2, 1, ""Dilation"", ""SE5""], [2, 1, ""Dilation"", ""SE7""], [2, 1, ""Erosion"", ""SE1""], [2, 1, ""Erosion"", ""SE5""], [2, 1, ""Erosion"", ""SE7""], [None, 1, ""change_color"", [[0, 0, 0], [1, 0, 1], [1, 1, 2]]]]",3348.9
Task080.json,"[[None, 1, ""Hit-Or-Miss"", ""SE6""], [1, 2, ""Dilation"", ""SE8""], [1, 2, ""Erosion"", ""SE8""], [2, 1, ""Dilation"", ""SE1""], [2, 1, ""Dilation"", ""SE2""], [2, 1, ""Dilation"", ""SE6""], [2, 1, ""Dilation"", ""SE8""], [2, 1, ""Erosion"", ""SE1""], [2, 1, ""Erosion"", ""SE2""], [2, 1, ""Erosion"", ""SE8""], [None, 1, ""change_color"", [[0, 0, 0], [0, 1, 2], [1, 0, 1], [1, 1, 2]]]]",18147.99
Task085.json,"[[None, 1, ""Hit-Or-Miss"", ""SE3""], [1, 2, ""Dilation"", ""SE6""], [1, 2, ""Erosion"", ""SE6""], [2, 1, ""Dilation"", ""SE1""], [2, 1, ""Dilation"", ""SE1""], [2, 1, ""Dilation"", ""SE1""], [2, 1, ""Dilation"", ""SE2""], [2, 1, ""Erosion"", ""SE1""], [2, 1, ""Erosion"", ""SE1""], [2, 1, ""Erosion"", ""SE1""], [None, 1, ""change_color"", [[0, 0, 0], [1, 0, 1], [1, 1, 2]]]]",5844.98
Task071.json,"[[None, 1, ""Hit-Or-Miss"", ""SE5""], [1, 2, ""Dilation"", ""SE1""], [1, 2, ""Erosion"", ""SE1""], [2, 1, ""Dilation"", ""SE1""], [2, 1, ""Dilation"", ""SE4""], [2, 1, ""Dilation"", ""SE5""], [2, 1, ""Dilation"", ""SE6""], [2, 1, ""Erosion"", ""SE1""], [2, 1, ""Erosion"", ""SE1""], [2, 1, ""Erosion"", ""SE6""], [None, 1, ""change_color"", [[0, 0, 0], [0, 1, 2], [1, 0, 1], [1, 1, 2]]]]",1555.45
Task073.json,"[[None, 1, ""Hit-Or-Miss"", ""SE4""], [1, 2, ""Dilation"", ""SE3""], [1, 2, ""Erosion"", ""SE3""], [2, 1, ""Dilation"", ""SE1""], [2, 1, ""Dilation"", ""SE1""], [2, 1, ""Dilation"", ""SE2""], [2, 1, ""Dilation"", ""SE4""], [2, 1, ""Erosion"", ""SE1""], [2, 1, ""Erosion"", ""SE1""], [2, 1, ""Erosion"", ""SE2""], [None, 1, ""change_color"", [[0, 0, 0], [1, 0, 1], [1, 1, 2]]]]",16410.73
Task096.json,"[[None, 1, ""Hit-Or-Miss"", ""SE7""], [1, 3, ""Dilation"", ""SE4""], [1, 3, ""Erosion"", ""SE4""], [2, 1, ""Dilation"", ""SE1""], [2, 1, ""Dilation"", ""SE1""], [2, 1, ""Dilation"", ""SE1""], [2, 1, ""Dilation"", ""SE7""], [2, 1, ""Erosion"", ""SE1""], [2, 1, ""Erosion"", ""SE1""], [2, 1, ""Erosion"", ""SE1""], [None, 1, ""change_color"", [[0, 0, 0], [1, 0, 1], [1, 1, 2]]]]",13297.97
Task077.json,"[[None, 1, ""Hit-Or-Miss"", ""SE5""], [1, 2, ""Dilation"", ""SE2""], [1, 2, ""Erosion"", ""SE2""], [2, 1, ""Dilation"", ""SE2""], [2, 1, ""Dilation"", ""SE2""], [2, 1, ""Dilation"", ""SE5""], [2, 1, ""Dilation"", ""SE8""], [2, 1, ""Erosion"", ""SE2""], [2, 1, ""Erosion"", ""SE2""], [2, 1, ""Erosion"", ""SE8""], [None, 1, ""change_color"", [[0, 0, 0], [1, 0, 1], [1, 1, 2]]]]",10041.64
Task090.json,"[[None, 1, ""Hit-Or-Miss"", ""SE4""], [1, 4, ""Dilation"", ""SE8""], [1, 4, ""Erosion"", ""SE8""], [2, 1, ""Dilation"", ""SE1""], [2, 1, ""Dilation"", ""SE2""], [2, 1, ""Dilation"", ""SE2""], [2, 1, ""Dilation"", ""SE4""], [2, 1, ""Erosion"", ""SE1""], [2, 1, ""Erosion"", ""SE2""], [2, 1, ""Erosion"", ""SE2""], [None, 1, ""change_color"", [[0, 0, 0], [0, 1, 2], [1, 0, 1], [1, 1, 2]]]]",8528.88
Task097.json,"[[None, 1, ""Hit-Or-Miss"", ""SE7""], [1, 3, ""Dilation"", ""SE1""], [1, 3, ""Erosion"", ""SE1""], [2, 1, ""Dilation"", ""SE1""], [2, 1, ""Dilation"", ""SE1""], [2, 1, ""Dilation"", ""SE1""], [2, 1, ""Dilation"", ""SE4""], [2, 1, ""Erosion"", ""SE1""], [2, 1, ""Erosion"", ""SE1""], [2, 1, ""Erosion"", ""SE1""], [None, 1, ""change_color"", [[0, 0, 0], [0, 1, 0], [1, 0, 1], [1, 1, 2]]]]",4541.31
Task098.json,"[[None, 1, ""Hit-Or-Miss"", ""SE1""], [1, 3, ""Dilation"", ""SE6""], [1, 3, ""Erosion"", ""SE6""], [2, 1, ""Dilation"", ""SE1""], [2, 1, ""Dilation"", ""SE1""], [2, 1, ""Dilation"", ""SE1""], [2, 1, ""Dilation"", ""SE4""], [2, 1, ""Erosion"", ""SE1""], [2, 1, ""Erosion"", ""SE1""], [2, 1, ""Erosion"", ""SE1""], [None, 1, ""change_color"", [[0, 0, 0], [0, 1, 2], [1, 0, 1], [1, 1, 2]]]]",5240.51
Task099.json,"[[None, 1, ""Hit-Or-Miss"", ""SE2""], [1, 2, ""Dilation"", ""SE3""], [1, 2, ""Erosion"", ""SE3""], [2, 1, ""Dilation"", ""SE1""], [2, 1, ""Dilation"", ""SE2""], [2, 1, ""Dilation"", ""SE7""], [2, 1, ""Dilation"", ""SE2""], [2, 1, ""Erosion"", ""SE1""], [2, 1, ""Erosion"", ""SE2""], [2, 1, ""Erosion"", ""SE7""], [None, 1, ""change_color"", [[0, 0, 0], [0, 1, 2], [1, 0, 1], [1, 1, 2]]]]",2398.96
Task003.json,"[[None, 1, ""Hit-Or-Miss"", ""SE3""], [1, 3, ""Dilation"", ""SE1""], [1, 3, ""Erosion"", ""SE1""], [2, 1, ""Dilation"", ""SE1""], [2, 1, ""Dilation"", ""SE1""], [2, 1, ""Dilation"", ""SE1""], [2, 1, ""Dilation"", ""SE2""], [2, 1, ""Erosion"", ""SE1""], [2, 1, ""Erosion"", ""SE1""], [2, 1, ""Erosion"", ""SE1""], [None, 1, ""change_color"", [[0, 0, 0], [1, 0, 1], [0, 1, 2], [1, 1, 2]]]]",7125.32
Task018.json,"[[None, 1, ""Hit-Or-Miss"", ""SE4""], [1, 3, ""Dilation"", ""SE4""], [1, 3, ""Erosion"", ""SE4""], [2, 1, ""Dilation"", ""SE1""], [2, 1, ""Dilation"", ""SE1""], [2, 1, ""Dilation"", ""SE4""], [2, 1, ""Dilation"", ""SE5""], [2, 1, ""Erosion"", ""SE1""], [2, 1, ""Erosion"", ""SE1""], [2, 1, ""Erosion"", ""SE5""], [None, 1, ""change_color"", [[0, 0, 0], [0, 1, 2], [1, 0, 1], [1, 1, 2]]]]",23272.93
Task019.json,"[[None, 1, ""Hit-Or-Miss"", ""SE7""], [1, 2, ""Dilation"", ""SE1""], [1, 2, ""Erosion"", ""SE1""], [2, 1, ""Dilation"", ""SE1""], [2, 1, ""Dilation"", ""SE1""], [2, 1, ""Dilation"", ""SE1""], [2, 1, ""Dilation"", ""SE7""], [2, 1, ""Erosion"", ""SE1""], [2, 1, ""Erosion"", ""SE1""], [2, 1, ""Erosion"", ""SE1""], [None, 1, ""change_color"", [[0, 0, 0], [1, 0, 1], [1, 1, 2]]]]",150320.7
Task033.json,"[[None, 1, ""Hit-Or-Miss"", ""SE4""], [1, 2, ""Dilation"", ""SE2""], [1, 2, ""Erosion"", ""SE2""], [2, 1, ""Dilation"", ""SE1""], [2, 1, ""Dilation"", ""SE1""], [2, 1, ""Dilation"", ""SE2""], [2, 1, ""Dilation"", ""SE4""], [2, 1, ""Erosion"", ""SE1""], [2, 1, ""Erosion"", ""SE1""], [2, 1, ""Erosion"", ""SE2""], [None, 1, ""change_color"", [[0, 0, 0], [1, 0, 1], [1, 1, 2]]]]",43010.92
Task037.json,"[[None, 1, ""Hit-Or-Miss"", ""SE5""], [1, 3, ""Dilation"", ""SE5""], [1, 3, ""Erosion"", ""SE5""], [2, 1, ""Dilation"", ""SE1""], [2, 1, ""Dilation"", ""SE1""], [2, 1, ""Dilation"", ""SE5""], [2, 1, ""Dilation"", ""SE8""], [2, 1, ""Erosion"", ""SE1""], [2, 1, ""Erosion"", ""SE1""], [2, 1, ""Erosion"", ""SE8""], [None, 1, ""change_color"", [[0, 0, 0], [1, 0, 1], [1, 1, 2], [0, 1, 2]]]]",16336.43
Task038.json,"[[None, 1, ""Hit-Or-Miss"", ""SE7""], [1, 3, ""Dilation"", ""SE6""], [1, 3, ""Erosion"", ""SE6""], [2, 1, ""Dilation"", ""SE2""], [2, 1, ""Dilation"", ""SE5""], [2, 1, ""Dilation"", ""SE5""], [2, 1, ""Dilation"", ""SE7""], [2, 1, ""Erosion"", ""SE5""], [2, 1, ""Erosion"", ""SE5""], [2, 1, ""Erosion"", ""SE2""], [None, 1, ""change_color"", [[0, 0, 0], [1, 0, 1], [1, 1, 2], [0, 1, 2]]]]",143516.69
Task039.json,"[[None, 1, ""Hit-Or-Miss"", ""SE5""], [1, 2, ""Dilation"", ""SE5""], [1, 2, ""Erosion"", ""SE5""], [2, 1, ""Dilation"", ""SE1""], [2, 1, ""Dilation"", ""SE1""], [2, 1, ""Dilation"", ""SE5""], [2, 1, ""Dilation"", ""SE2""], [2, 1, ""Erosion"", ""SE1""], [2, 1, ""Erosion"", ""SE1""], [2, 1, ""Erosion"", ""SE2""], [None, 1, ""change_color"", [[0, 0, 0], [1, 0, 1], [1, 1, 2], [0, 1, 2]]]]",22847.79
Task040.json,"[[None, 1, ""Hit-Or-Miss"", ""SE7""], [1, 4, ""Dilation"", ""SE4""], [1, 4, ""Erosion"", ""SE4""], [2, 1, ""Dilation"", ""SE1""], [2, 1, ""Dilation"", ""SE2""], [2, 1, ""Dilation"", ""SE5""], [2, 1, ""Dilation"", ""SE7""], [2, 1, ""Erosion"", ""SE1""], [2, 1, ""Erosion"", ""SE2""], [2, 1, ""Erosion"", ""SE5""], [None, 1, ""change_color"", [[0, 0, 0], [1, 0, 1], [0, 1, 2], [1, 1, 2]]]]",80547.1
Task042.json,"[[None, 1, ""Hit-Or-Miss"", ""SE6""], [1, 2, ""Dilation"", ""SE1""], [1, 2, ""Erosion"", ""SE1""], [2, 1, ""Dilation"", ""SE1""], [2, 1, ""Dilation"", ""SE2""], [2, 1, ""Dilation"", ""SE6""], [2, 1, ""Dilation"", ""SE2""], [2, 1, ""Erosion"", ""SE1""], [2, 1, ""Erosion"", ""SE2""], [2, 1, ""Erosion"", ""SE2""], [None, 1, ""change_color"", [[0, 0, 0], [1, 0, 1], [1, 1, 2], [0, 1, 2]]]]",47091.65
Task043.json,"[[None, 1, ""Hit-Or-Miss"", ""SE8""], [1, 2, ""Dilation"", ""SE2""], [1, 2, ""Erosion"", ""SE2""], [2, 1, ""Dilation"", ""SE2""], [2, 1, ""Dilation"", ""SE6""], [2, 1, ""Dilation"", ""SE8""], [2, 1, ""Dilation"", ""SE6""], [2, 1, ""Erosion"", ""SE6""], [2, 1, ""Erosion"", ""SE6""], [2, 1, ""Erosion"", ""SE2""], [None, 1, ""change_color"", [[0, 0, 0], [1, 0, 1], [1, 1, 2], [0, 1, 2]]]]",122371.76
Task046.json,"[[None, 1, ""Hit-Or-Miss"", ""SE1""], [1, 4, ""Dilation"", ""SE5""], [1, 4, ""Erosion"", ""SE5""], [2, 1, ""Dilation"", ""SE1""], [2, 1, ""Dilation"", ""SE1""], [2, 1, ""Dilation"", ""SE1""], [2, 1, ""Dilation"", ""SE4""], [2, 1, ""Erosion"", ""SE1""], [2, 1, ""Erosion"", ""SE1""], [2, 1, ""Erosion"", ""SE1""], [None, 1, ""change_color"", [[0, 0, 0], [1, 0, 1], [0, 1, 2], [1, 1, 2]]]]",1577.13
Task050.json,"[[None, 1, ""Hit-Or-Miss"", ""SE2""], [1, 3, ""Dilation"", ""SE3""], [1, 3, ""Erosion"", ""SE3""], [2, 1, ""Dilation"", ""SE1""], [2, 1, ""Dilation"", ""SE1""], [2, 1, ""Dilation"", ""SE5""], [2, 1, ""Dilation"", ""SE2""], [2, 1, ""Erosion"", ""SE1""], [2, 1, ""Erosion"", ""SE1""], [2, 1, ""Erosion"", ""SE5""], [None, 1, ""change_color"", [[0, 0, 0], [0, 1, 2], [1, 0, 1], [1, 1, 2]]]]",3112.14
Task051.json,"[[None, 1, ""Hit-Or-Miss"", ""SE6""], [1, 2, ""Dilation"", ""SE4""], [1, 2, ""Erosion"", ""SE4""], [2, 1, ""Dilation"", ""SE1""], [2, 1, ""Dilation"", ""SE1""], [2, 1, ""Dilation"", ""SE5""], [2, 1, ""Dilation"", ""SE6""], [2, 1, ""Erosion"", ""SE1""], [2, 1, ""Erosion"", ""SE1""], [2, 1, ""Erosion"", ""SE5""], [None, 1, ""change_color"", [[0, 0, 0], [1, 0, 1], [1, 1, 2], [0, 1, 2]]]]",30608.32
Task053.json,"[[None, 1, ""Hit-Or-Miss"", ""SE1""], [1, 4, ""Dilation"", ""SE7""], [1, 4, ""Erosion"", ""SE7""], [2, 1, ""Dilation"", ""SE1""], [2, 1, ""Dilation"", ""SE2""], [2, 1, ""Dilation"", ""SE5""], [2, 1, ""Dilation"", ""SE4""], [2, 1, ""Erosion"", ""SE1""], [2, 1, ""Erosion"", ""SE2""], [2, 1, ""Erosion"", ""SE5""], [None, 1, ""change_color"", [[0, 0, 0], [0, 1, 2], [1, 0, 1], [1, 1, 2]]]]",3344.77
Task054.json,"[[None, 1, ""Hit-Or-Miss"", ""SE4""], [1, 2, ""Dilation"", ""SE6""], [1, 2, ""Erosion"", ""SE6""], [2, 1, ""Dilation"", ""SE1""], [2, 1, ""Dilation"", ""SE2""], [2, 1, ""Dilation"", ""SE4""], [2, 1, ""Dilation"", ""SE5""], [2, 1, ""Erosion"", ""SE1""], [2, 1, ""Erosion"", ""SE2""], [2, 1, ""Erosion"", ""SE5""], [None, 1, ""change_color"", [[0, 0, 0], [1, 0, 1], [1, 1, 2], [0, 1, 2]]]]",11626.57
Task055.json,"[[None, 1, ""Hit-Or-Miss"", ""SE8""], [1, 2, ""Dilation"", ""SE6""], [1, 2, ""Erosion"", ""SE6""], [2, 1, ""Dilation"", ""SE2""], [2, 1, ""Dilation"", ""SE2""], [2, 1, ""Dilation"", ""SE8""], [2, 1, ""Dilation"", ""SE5""], [2, 1, ""Erosion"", ""SE2""], [2, 1, ""Erosion"", ""SE2""], [2, 1, ""Erosion"", ""SE5""], [None, 1, ""change_color"", [[0, 0, 0], [1, 0, 1], [1, 1, 2], [0, 1, 2]]]]",35164.99
Task056.json,"[[None, 1, ""Hit-Or-Miss"", ""SE7""], [1, 3, ""Dilation"", ""SE7""], [1, 3, ""Erosion"", ""SE7""], [2, 1, ""Dilation"", ""SE2""], [2, 1, ""Dilation"", ""SE7""], [2, 1, ""Dilation"", ""SE2""], [2, 1, ""Dilation"", ""SE7""], [2, 1, ""Erosion"", ""SE2""], [2, 1, ""Erosion"", ""SE2""], [2, 1, ""Erosion"", ""SE7""], [None, 1, ""change_color"", [[0, 0, 0], [0, 1, 2], [1, 1, 2], [1, 0, 1]]]]",31438.33
Task057.json,"[[None, 1, ""Hit-Or-Miss"", ""SE4""], [1, 3, ""Dilation"", ""SE2""], [1, 3, ""Erosion"", ""SE2""], [2, 1, ""Dilation"", ""SE1""], [2, 1, ""Dilation"", ""SE1""], [2, 1, ""Dilation"", ""SE4""], [2, 1, ""Dilation"", ""SE8""], [2, 1, ""Erosion"", ""SE1""], [2, 1, ""Erosion"", ""SE1""], [2, 1, ""Erosion"", ""SE8""], [None, 1, ""change_color"", [[0, 0, 0], [0, 1, 2], [1, 0, 1], [1, 1, 2]]]]",19128.71
Task058.json,"[[None, 1, ""Hit-Or-Miss"", ""SE2""], [1, 4, ""Dilation"", ""SE2""], [1, 4, ""Erosion"", ""SE2""], [2, 1, ""Dilation"", ""SE1""], [2, 1, ""Dilation"", ""SE1""], [2, 1, ""Dilation"", ""SE1""], [2, 1, ""Dilation"", ""SE2""], [2, 1, ""Erosion"", ""SE1""], [2, 1, ""Erosion"", ""SE1""], [2, 1, ""Erosion"", ""SE1""], [None, 1, ""change_color"", [[0, 0, 0], [1, 0, 1], [0, 1, 2], [1, 1, 2]]]]",5366.1
Task060.json,"[[None, 1, ""Hit-Or-Miss"", ""SE7""], [1, 2, ""Dilation"", ""SE7""], [1, 2, ""Erosion"", ""SE7""], [2, 1, ""Dilation"", ""SE1""], [2, 1, ""Dilation"", ""SE4""], [2, 1, ""Dilation"", ""SE7""], [2, 1, ""Dilation"", ""SE8""], [2, 1, ""Erosion"", ""SE1""], [2, 1, ""Erosion"", ""SE1""], [2, 1, ""Erosion"", ""SE8""], [None, 1, ""change_color"", [[0, 0, 0], [1, 0, 1], [1, 1, 2], [0, 1, 2]]]]",44290.73
Task061.json,"[[None, 1, ""Hit-Or-Miss"", ""SE4""], [1, 4, ""Dilation"", ""SE1""], [1, 4, ""Erosion"", ""SE1""], [2, 1, ""Dilation"", ""SE1""], [2, 1, ""Dilation"", ""SE2""], [2, 1, ""Dilation"", ""SE5""], [2, 1, ""Dilation"", ""SE8""], [2, 1, ""Erosion"", ""SE2""], [2, 1, ""Erosion"", ""SE5""], [2, 1, ""Erosion"", ""SE8""], [None, 1, ""change_color"", [[0, 0, 0], [0, 1, 2], [1, 0, 1], [1, 1, 2]]]]",9912.5
Task062.json,"[[None, 1, ""Hit-Or-Miss"", ""SE8""], [1, 3, ""Dilation"", ""SE5""], [1, 3, ""Erosion"", ""SE5""], [2, 1, ""Dilation"", ""SE1""], [2, 1, ""Dilation"", ""SE8""], [2, 1, ""Dilation"", ""SE7""], [2, 1, ""Dilation"", ""SE8""], [2, 1, ""Erosion"", ""SE1""], [2, 1, ""Erosion"", ""SE8""], [2, 1, ""Erosion"", ""SE7""], [None, 1, ""change_color"", [[0, 0, 0], [1, 0, 1], [1, 1, 2], [0, 1, 2]]]]",32719.95
Task063.json,"[[None, 1, ""Hit-Or-Miss"", ""SE4""], [1, 2, ""Dilation"", ""SE2""], [1, 2, ""Erosion"", ""SE2""], [2, 1, ""Dilation"", ""SE1""], [2, 1, ""Dilation"", ""SE1""], [2, 1, ""Dilation"", ""SE1""], [2, 1, ""Dilation"", ""SE8""], [2, 1, ""Erosion"", ""SE1""], [2, 1, ""Erosion"", ""SE1""], [2, 1, ""Erosion"", ""SE8""], [None, 1, ""change_color"", [[0, 0, 0], [1, 0, 1], [1, 1, 2]]]]",18052.29
Task064.json,"[[None, 1, ""Hit-Or-Miss"", ""SE2""], [1, 4, ""Dilation"", ""SE2""], [1, 4, ""Erosion"", ""SE2""], [2, 1, ""Dilation"", ""SE1""], [2, 1, ""Dilation"", ""SE2""], [2, 1, ""Dilation"", ""SE5""], [2, 1, ""Dilation"", ""SE8""], [2, 1, ""Erosion"", ""SE5""], [2, 1, ""Erosion"", ""SE1""], [2, 1, ""Erosion"", ""SE8""], [None, 1, ""change_color"", [[0, 0, 0], [0, 1, 2], [1, 1, 2], [1, 0, 1]]]]",4714.79
Task067.json,"[[None, 1, ""Hit-Or-Miss"", ""SE7""], [1, 4, ""Dilation"", ""SE6""], [1, 4, ""Erosion"", ""SE6""], [2, 1, ""Dilation"", ""SE2""], [2, 1, ""Dilation"", ""SE2""], [2, 1, ""Dilation"", ""SE7""], [2, 1, ""Dilation"", ""SE7""], [2, 1, ""Erosion"", ""SE2""], [2, 1, ""Erosion"", ""SE2""], [2, 1, ""Erosion"", ""SE7""], [None, 1, ""change_color"", [[0, 0, 0], [1, 0, 1], [1, 1, 2], [0, 1, 2]]]]",103479.27
Task068.json,"[[None, 1, ""Hit-Or-Miss"", ""SE7""], [1, 3, ""Dilation"", ""SE4""], [1, 3, ""Erosion"", ""SE4""], [2, 1, ""Dilation"", ""SE6""], [2, 1, ""Dilation"", ""SE7""], [2, 1, ""Dilation"", ""SE8""], [2, 1, ""Dilation"", ""SE7""], [2, 1, ""Erosion"", ""SE6""], [2, 1, ""Erosion"", ""SE7""], [2, 1, ""Erosion"", ""SE8""], [None, 1, ""change_color"", [[0, 0, 0], [1, 0, 1], [1, 1, 2], [0, 1, 2]]]]",53651.9
Task069.json,"[[None, 1, ""Hit-Or-Miss"", ""SE8""], [1, 4, ""Dilation"", ""SE5""], [1, 4, ""Erosion"", ""SE5""], [2, 1, ""Dilation"", ""SE1""], [2, 1, ""Dilation"", ""SE1""], [2, 1, ""Dilation"", ""SE1""], [2, 1, ""Dilation"", ""SE8""], [2, 1, ""Erosion"", ""SE1""], [2, 1, ""Erosion"", ""SE1""], [2, 1, ""Erosion"", ""SE1""], [None, 1, ""change_color"", [[0, 0, 0], [1, 0, 1], [1, 1, 2]]]]",109901.3
Task070.json,"[[None, 1, ""Hit-Or-Miss"", ""SE2""], [1, 2, ""Dilation"", ""SE4""], [1, 2, ""Erosion"", ""SE4""], [2, 1, ""Dilation"", ""SE1""], [2, 1, ""Dilation"", ""SE1""], [2, 1, ""Dilation"", ""SE2""], [2, 1, ""Dilation"", ""SE5""], [2, 1, ""Erosion"", ""SE1""], [2, 1, ""Erosion"", ""SE1""], [2, 1, ""Erosion"", ""SE5""], [None, 1, ""change_color"", [[0, 0, 0], [1, 0, 1], [1, 1, 2]]]]",13174.08
Task072.json,"[[None, 1, ""Hit-Or-Miss"", ""SE2""], [1, 2, ""Dilation"", ""SE7""], [1, 2, ""Erosion"", ""SE7""], [2, 1, ""Dilation"", ""SE1""], [2, 1, ""Dilation"", ""SE1""], [2, 1, ""Dilation"", ""SE2""], [2, 1, ""Dilation"", ""SE5""], [2, 1, ""Erosion"", ""SE1""], [2, 1, ""Erosion"", ""SE1""], [2, 1, ""Erosion"", ""SE5""], [None, 1, ""change_color"", [[0, 0, 0], [1, 0, 1], [0, 1, 2], [1, 1, 2]]]]",11442.46
Task074.json,"[[None, 1, ""Hit-Or-Miss"", ""SE8""], [1, 4, ""Dilation"", ""SE4""], [1, 4, ""Erosion"", ""SE4""], [2, 1, ""Dilation"", ""SE1""], [2, 1, ""Dilation"", ""SE2""], [2, 1, ""Dilation"", ""SE8""], [2, 1, ""Dilation"", ""SE5""], [2, 1, ""Erosion"", ""SE1""], [2, 1, ""Erosion"", ""SE2""], [2, 1, ""Erosion"", ""SE5""], [None, 1, ""change_color"", [[0, 0, 0], [0, 1, 2], [1, 0, 1], [1, 1, 2]]]]",129070.95
Task075.json,"[[None, 1, ""Hit-Or-Miss"", ""SE7""], [1, 3, ""Dilation"", ""SE4""], [1, 3, ""Erosion"", ""SE4""], [2, 1, ""Dilation"", ""SE7""], [2, 1, ""Dilation"", ""SE7""], [2, 1, ""Dilation"", ""SE5""], [2, 1, ""Dilation"", ""SE8""], [2, 1, ""Erosion"", ""SE7""], [2, 1, ""Erosion"", ""SE5""], [2, 1, ""Erosion"", ""SE8""], [None, 1, ""change_color"", [[0, 0, 0], [0, 1, 2], [1, 1, 2], [1, 0, 1]]]]",145389.46
Task076.json,"[[None, 1, ""Hit-Or-Miss"", ""SE1""], [1, 4, ""Dilation"", ""SE4""], [1, 4, ""Erosion"", ""SE4""], [2, 1, ""Dilation"", ""SE1""], [2, 1, ""Dilation"", ""SE1""], [2, 1, ""Dilation"", ""SE4""], [2, 1, ""Dilation"", ""SE8""], [2, 1, ""Erosion"", ""SE1""], [2, 1, ""Erosion"", ""SE1""], [2, 1, ""Erosion"", ""SE8""], [None, 1, ""change_color"", [[0, 0, 0], [1, 0, 1], [0, 1, 2], [1, 1, 2]]]]",832.48
Task078.json,"[[None, 1, ""Hit-Or-Miss"", ""SE6""], [1, 4, ""Dilation"", ""SE7""], [1, 4, ""Erosion"", ""SE7""], [2, 1, ""Dilation"", ""SE1""], [2, 1, ""Dilation"", ""SE1""], [2, 1, ""Dilation"", ""SE4""], [2, 1, ""Dilation"", ""SE6""], [2, 1, ""Erosion"", ""SE1""], [2, 1, ""Erosion"", ""SE1""], [2, 1, ""Erosion"", ""SE1""], [None, 1, ""change_color"", [[0, 0, 0], [1, 0, 1], [0, 1, 2], [1, 1, 2]]]]",100124.43
Task079.json,"[[None, 1, ""Hit-Or-Miss"", ""SE4""], [1, 4, ""Dilation"", ""SE1""], [1, 4, ""Erosion"", ""SE1""], [2, 1, ""Dilation"", ""SE1""], [2, 1, ""Dilation"", ""SE2""], [2, 1, ""Dilation"", ""SE4""], [2, 1, ""Dilation"", ""SE8""], [2, 1, ""Erosion"", ""SE1""], [2, 1, ""Erosion"", ""SE2""], [2, 1, ""Erosion"", ""SE8""], [None, 1, ""change_color"", [[0, 0, 0], [0, 1, 2], [1, 0, 1], [1, 1, 2]]]]",20389.31
Task081.json,"[[None, 1, ""Hit-Or-Miss"", ""SE3""], [1, 2, ""Dilation"", ""SE6""], [1, 2, ""Erosion"", ""SE6""], [2, 1, ""Dilation"", ""SE1""], [2, 1, ""Dilation"", ""SE1""], [2, 1, ""Dilation"", ""SE1""], [2, 1, ""Dilation"", ""SE2""], [2, 1, ""Erosion"", ""SE1""], [2, 1, ""Erosion"", ""SE1""], [2, 1, ""Erosion"", ""SE1""], [None, 1, ""change_color"", [[0, 0, 0], [1, 0, 1], [1, 1, 2]]]]",50211.94
Task082.json,"[[None, 1, ""Hit-Or-Miss"", ""SE4""], [1, 4, ""Dilation"", ""SE8""], [1, 4, ""Erosion"", ""SE8""], [2, 1, ""Dilation"", ""SE1""], [2, 1, ""Dilation"", ""SE1""], [2, 1, ""Dilation"", ""SE1""], [2, 1, ""Dilation"", ""SE4""], [2, 1, ""Erosion"", ""SE1""], [2, 1, ""Erosion"", ""SE1""], [2, 1, ""Erosion"", ""SE1""], [None, 1, ""change_color"", [[0, 0, 0], [0, 1, 2], [1, 1, 2], [1, 0, 1]]]]",67582.43
Task083.json,"[[None, 1, ""Hit-Or-Miss"", ""SE2""], [1, 2, ""Dilation"", ""SE2""], [1, 2, ""Erosion"", ""SE2""], [2, 1, ""Dilation"", ""SE1""], [2, 1, ""Dilation"", ""SE1""], [2, 1, ""Dilation"", ""SE2""], [2, 1, ""Dilation"", ""SE6""], [2, 1, ""Erosion"", ""SE1""], [2, 1, ""Erosion"", ""SE1""], [2, 1, ""Erosion"", ""SE6""], [None, 1, ""change_color"", [[0, 0, 0], [1, 0, 1], [1, 1, 2], [0, 1, 2]]]]",41079.57
Task084.json,"[[None, 1, ""Hit-Or-Miss"", ""SE2""], [1, 4, ""Dilation"", ""SE3""], [1, 4, ""Erosion"", ""SE3""], [2, 1, ""Dilation"", ""SE1""], [2, 1, ""Dilation"", ""SE1""], [2, 1, ""Dilation"", ""SE2""], [2, 1, ""Dilation"", ""SE4""], [2, 1, ""Erosion"", ""SE1""], [2, 1, ""Erosion"", ""SE1""], [2, 1, ""Erosion"", ""SE1""], [None, 1, ""change_color"", [[0, 0, 0], [0, 1, 2], [1, 0, 1], [1, 1, 2]]]]",7363.21
Task086.json,"[[None, 1, ""Hit-Or-Miss"", ""SE7""], [1, 2, ""Dilation"", ""SE1""], [1, 2, ""Erosion"", ""SE1""], [2, 1, ""Dilation"", ""SE1""], [2, 1, ""Dilation"", ""SE1""], [2, 1, ""Dilation"", ""SE5""], [2, 1, ""Dilation"", ""SE7""], [2, 1, ""Erosion"", ""SE5""], [2, 1, ""Erosion"", ""SE1""], [2, 1, ""Erosion"", ""SE1""], [None, 1, ""change_color"", [[0, 0, 0], [1, 0, 1], [1, 1, 2], [0, 1, 2]]]]",44337.09
Task087.json,"[[None, 1, ""Hit-Or-Miss"", ""SE1""], [1, 3, ""Dilation"", ""SE8""], [1, 3, ""Erosion"", ""SE8""], [2, 1, ""Dilation"", ""SE1""], [2, 1, ""Dilation"", ""SE1""], [2, 1, ""Dilation"", ""SE4""], [2, 1, ""Dilation"", ""SE5""], [2, 1, ""Erosion"", ""SE1""], [2, 1, ""Erosion"", ""SE1""], [2, 1, ""Erosion"", ""SE5""], [None, 1, ""change_color"", [[0, 0, 0], [1, 0, 1], [0, 1, 2], [1, 1, 2]]]]",2991.0
Task088.json,"[[None, 1, ""Hit-Or-Miss"", ""SE1""], [1, 4, ""Dilation"", ""SE7""], [1, 4, ""Erosion"", ""SE7""], [2, 1, ""Dilation"", ""SE1""], [2, 1, ""Dilation"", ""SE5""], [2, 1, ""Dilation"", ""SE4""], [2, 1, ""Dilation"", ""SE5""], [2, 1, ""Erosion"", ""SE1""], [2, 1, ""Erosion"", ""SE5""], [2, 1, ""Erosion"", ""SE5""], [None, 1, ""change_color"", [[0, 0, 0], [0, 1, 2], [1, 0, 1], [1, 1, 2]]]]",6111.83
Task089.json,"[[None, 1, ""Hit-Or-Miss"", ""SE1""], [1, 2, ""Dilation"", ""SE7""], [1, 2, ""Erosion"", ""SE7""], [2, 1, ""Dilation"", ""SE1""], [2, 1, ""Dilation"", ""SE1""], [2, 1, ""Dilation"", ""SE1""], [2, 1, ""Dilation"", ""SE2""], [2, 1, ""Erosion"", ""SE2""], [2, 1, ""Erosion"", ""SE2""], [2, 1, ""Erosion"", ""SE2""], [None, 1, ""change_color"", [[0, 0, 0], [1, 0, 1], [0, 1, 2], [1, 1, 2]]]]",6410.81
Task091.json,"[[None, 1, ""Hit-Or-Miss"", ""SE1""], [1, 4, ""Dilation"", ""SE1""], [1, 4, ""Erosion"", ""SE1""], [2, 1, ""Dilation"", ""SE1""], [2, 1, ""Dilation"", ""SE1""], [2, 1, ""Dilation"", ""SE8""], [2, 1, ""Dilation"", ""SE4""], [2, 1, ""Erosion"", ""SE1""], [2, 1, ""Erosion"", ""SE1""], [2, 1, ""Erosion"", ""SE8""], [None, 1, ""change_color"", [[0, 0, 0], [0, 1, 2], [1, 0, 1], [1, 1, 2]]]]",332.45
Task092.json,"[[None, 1, ""Hit-Or-Miss"", ""SE8""], [1, 2, ""Dilation"", ""SE1""], [1, 2, ""Erosion"", ""SE1""], [2, 1, ""Dilation"", ""SE8""], [2, 1, ""Dilation"", ""SE1""], [2, 1, ""Dilation"", ""SE8""], [2, 1, ""Dilation"", ""SE1""], [2, 1, ""Erosion"", ""SE1""], [2, 1, ""Erosion"", ""SE8""], [2, 1, ""Erosion"", ""SE1""], [None, 1, ""change_color"", [[0, 0, 0], [0, 1, 2], [1, 0, 1], [1, 1, 2]]]]",22245.15
Task093.json,"[[None, 1, ""Hit-Or-Miss"", ""SE1""], [1, 2, ""Dilation"", ""SE6""], [1, 2, ""Erosion"", ""SE6""], [2, 1, ""Dilation"", ""SE1""], [2, 1, ""Dilation"", ""SE1""], [2, 1, ""Dilation"", ""SE2""], [2, 1, ""Dilation"", ""SE6""], [2, 1, ""Erosion"", ""SE1""], [2, 1, ""Erosion"", ""SE2""], [2, 1, ""Erosion"", ""SE6""], [None, 1, ""change_color"", [[0, 0, 0], [1, 0, 1], [1, 1, 2], [0, 1, 2]]]]",2723.54
Task094.json,"[[None, 1, ""Hit-Or-Miss"", ""SE7""], [1, 3, ""Dilation"", ""SE5""], [1, 3, ""Erosion"", ""SE5""], [2, 1, ""Dilation"", ""SE2""], [2, 1, ""Dilation"", ""SE5""], [2, 1, ""Dilation"", ""SE5""], [2, 1, ""Dilation"", ""SE7""], [2, 1, ""Erosion"", ""SE2""], [2, 1, ""Erosion"", ""SE5""], [2, 1, ""Erosion"", ""SE5""], [None, 1, ""change_color"", [[0, 0, 0], [1, 0, 1], [1, 1, 2], [0, 1, 2]]]]",20811.04
Task095.json,"[[None, 1, ""Hit-Or-Miss"", ""SE3""], [1, 4, ""Dilation"", ""SE3""], [1, 4, ""Erosion"", ""SE3""], [2, 1, ""Dilation"", ""SE1""], [2, 1, ""Dilation"", ""SE1""], [2, 1, ""Dilation"", ""SE1""], [2, 1, ""Dilation"", ""SE2""], [2, 1, ""Erosion"", ""SE1""], [2, 1, ""Erosion"", ""SE1""], [2, 1, ""Erosion"", ""SE1""], [None, 1, ""change_color"", [[0, 0, 0], [0, 1, 2], [1, 0, 1], [1, 1, 2]]]]",7945.68

