Task,Valid_Sequences,Time_Taken
Task048.json,"[('SE1', 'SE7', 'SE7', 'SE5'), ('SE4', 'SE7', 'SE7', 'SE5'), ('SE5', 'SE7', 'SE1', 'SE7'), ('SE5', 'SE7', 'SE4', 'SE7'), ('SE5', 'SE7', 'SE7', 'SE1'), ('SE5', 'SE7', 'SE7', 'SE4'), ('SE7', 'SE1', 'SE7', 'SE5'), ('SE7', 'SE4', 'SE7', 'SE5')]",0.7253062725067139
Task071.json,"[('SE1', 'SE8', 'SE1', 'SE8'), ('SE1', 'SE8', 'SE8', 'SE1'), ('SE8', 'SE1', 'SE1', 'SE8'), ('SE8', 'SE1', 'SE8', 'SE1')]",0.7049450874328613
Task075.json,"[('SE1', 'SE2', 'SE7', 'SE2'), ('SE1', 'SE2', 'SE7', 'SE3'), ('SE1', 'SE3', 'SE7', 'SE2'), ('SE1', 'SE3', 'SE7', 'SE3'), ('SE1', 'SE7', 'SE2', 'SE2'), ('SE1', 'SE7', 'SE2', 'SE3'), ('SE1', 'SE7', 'SE3', 'SE2'), ('SE1', 'SE7', 'SE3', 'SE3'), ('SE2', 'SE1', 'SE7', 'SE2'), ('SE2', 'SE1', 'SE7', 'SE3'), ('SE2', 'SE2', 'SE7', 'SE1'), ('SE2', 'SE3', 'SE7', 'SE1'), ('SE2', 'SE7', 'SE1', 'SE2'), ('SE2', 'SE7', 'SE1', 'SE3'), ('SE2', 'SE7', 'SE2', 'SE1'), ('SE2', 'SE7', 'SE3', 'SE1'), ('SE3', 'SE1', 'SE7', 'SE2'), ('SE3', 'SE1', 'SE7', 'SE3'), ('SE3', 'SE2', 'SE7', 'SE1'), ('SE3', 'SE3', 'SE7', 'SE1'), ('SE3', 'SE7', 'SE1', 'SE2'), ('SE3', 'SE7', 'SE1', 'SE3'), ('SE3', 'SE7', 'SE2', 'SE1'), ('SE3', 'SE7', 'SE3', 'SE1')]",0.7469625473022461
Task068.json,"[('SE2', 'SE7', 'SE8', 'SE8'), ('SE2', 'SE8', 'SE7', 'SE7'), ('SE3', 'SE7', 'SE8', 'SE8'), ('SE3', 'SE8', 'SE7', 'SE7'), ('SE7', 'SE7', 'SE8', 'SE2'), ('SE7', 'SE7', 'SE8', 'SE3'), ('SE8', 'SE8', 'SE7', 'SE2'), ('SE8', 'SE8', 'SE7', 'SE3')]",0.7271902561187744
Task008.json,"[('SE1', 'SE2', 'SE8', 'SE6'), ('SE1', 'SE3', 'SE8', 'SE6'), ('SE1', 'SE8', 'SE2', 'SE6'), ('SE1', 'SE8', 'SE3', 'SE6'), ('SE2', 'SE1', 'SE8', 'SE6'), ('SE2', 'SE4', 'SE8', 'SE6'), ('SE2', 'SE8', 'SE1', 'SE6'), ('SE2', 'SE8', 'SE4', 'SE6'), ('SE3', 'SE1', 'SE8', 'SE6'), ('SE3', 'SE4', 'SE8', 'SE6'), ('SE3', 'SE8', 'SE1', 'SE6'), ('SE3', 'SE8', 'SE4', 'SE6'), ('SE4', 'SE2', 'SE8', 'SE6'), ('SE4', 'SE3', 'SE8', 'SE6'), ('SE4', 'SE8', 'SE2', 'SE6'), ('SE4', 'SE8', 'SE3', 'SE6'), ('SE6', 'SE2', 'SE8', 'SE1'), ('SE6', 'SE2', 'SE8', 'SE4'), ('SE6', 'SE3', 'SE8', 'SE1'), ('SE6', 'SE3', 'SE8', 'SE4'), ('SE6', 'SE8', 'SE1', 'SE2'), ('SE6', 'SE8', 'SE1', 'SE3'), ('SE6', 'SE8', 'SE2', 'SE1'), ('SE6', 'SE8', 'SE2', 'SE4'), ('SE6', 'SE8', 'SE3', 'SE1'), ('SE6', 'SE8', 'SE3', 'SE4'), ('SE6', 'SE8', 'SE4', 'SE2'), ('SE6', 'SE8', 'SE4', 'SE3')]",0.7002139091491699
Task020.json,"[('SE1', 'SE1', 'SE1', 'SE8'), ('SE1', 'SE1', 'SE4', 'SE8'), ('SE1', 'SE4', 'SE1', 'SE8'), ('SE1', 'SE4', 'SE4', 'SE8'), ('SE4', 'SE1', 'SE1', 'SE8'), ('SE4', 'SE1', 'SE4', 'SE8'), ('SE4', 'SE4', 'SE1', 'SE8'), ('SE4', 'SE4', 'SE4', 'SE8'), ('SE8', 'SE1', 'SE1', 'SE1'), ('SE8', 'SE1', 'SE1', 'SE4'), ('SE8', 'SE1', 'SE4', 'SE1'), ('SE8', 'SE1', 'SE4', 'SE4'), ('SE8', 'SE4', 'SE1', 'SE1'), ('SE8', 'SE4', 'SE1', 'SE4'), ('SE8', 'SE4', 'SE4', 'SE1'), ('SE8', 'SE4', 'SE4', 'SE4')]",0.7602832317352295
Task019.json,"[('SE1', 'SE2', 'SE8', 'SE5'), ('SE1', 'SE3', 'SE8', 'SE5'), ('SE1', 'SE8', 'SE2', 'SE5'), ('SE1', 'SE8', 'SE3', 'SE5'), ('SE2', 'SE1', 'SE8', 'SE5'), ('SE2', 'SE4', 'SE8', 'SE5'), ('SE2', 'SE8', 'SE1', 'SE5'), ('SE2', 'SE8', 'SE4', 'SE5'), ('SE3', 'SE1', 'SE8', 'SE5'), ('SE3', 'SE4', 'SE8', 'SE5'), ('SE3', 'SE8', 'SE1', 'SE5'), ('SE3', 'SE8', 'SE4', 'SE5'), ('SE4', 'SE2', 'SE8', 'SE5'), ('SE4', 'SE3', 'SE8', 'SE5'), ('SE4', 'SE8', 'SE2', 'SE5'), ('SE4', 'SE8', 'SE3', 'SE5'), ('SE5', 'SE1', 'SE8', 'SE2'), ('SE5', 'SE1', 'SE8', 'SE3'), ('SE5', 'SE2', 'SE8', 'SE1'), ('SE5', 'SE2', 'SE8', 'SE4'), ('SE5', 'SE2', 'SE8', 'SE8'), ('SE5', 'SE3', 'SE8', 'SE1'), ('SE5', 'SE3', 'SE8', 'SE4'), ('SE5', 'SE3', 'SE8', 'SE8'), ('SE5', 'SE4', 'SE8', 'SE2'), ('SE5', 'SE4', 'SE8', 'SE3'), ('SE5', 'SE8', 'SE1', 'SE2'), ('SE5', 'SE8', 'SE1', 'SE3'), ('SE5', 'SE8', 'SE2', 'SE1'), ('SE5', 'SE8', 'SE2', 'SE4'), ('SE5', 'SE8', 'SE3', 'SE1'), ('SE5', 'SE8', 'SE3', 'SE4'), ('SE5', 'SE8', 'SE4', 'SE2'), ('SE5', 'SE8', 'SE4', 'SE3'), ('SE8', 'SE8', 'SE2', 'SE5'), ('SE8', 'SE8', 'SE3', 'SE5')]",0.7053439617156982
Task024.json,"[('SE2', 'SE2', 'SE2', 'SE4'), ('SE2', 'SE2', 'SE3', 'SE4'), ('SE2', 'SE2', 'SE4', 'SE2'), ('SE2', 'SE2', 'SE4', 'SE3'), ('SE2', 'SE3', 'SE2', 'SE4'), ('SE2', 'SE3', 'SE3', 'SE4'), ('SE2', 'SE3', 'SE4', 'SE2'), ('SE2', 'SE3', 'SE4', 'SE3'), ('SE2', 'SE4', 'SE2', 'SE2'), ('SE2', 'SE4', 'SE2', 'SE3'), ('SE2', 'SE4', 'SE3', 'SE2'), ('SE2', 'SE4', 'SE3', 'SE3'), ('SE3', 'SE2', 'SE2', 'SE4'), ('SE3', 'SE2', 'SE3', 'SE4'), ('SE3', 'SE2', 'SE4', 'SE2'), ('SE3', 'SE2', 'SE4', 'SE3'), ('SE3', 'SE3', 'SE2', 'SE4'), ('SE3', 'SE3', 'SE3', 'SE4'), ('SE3', 'SE3', 'SE4', 'SE2'), ('SE3', 'SE3', 'SE4', 'SE3'), ('SE3', 'SE4', 'SE2', 'SE2'), ('SE3', 'SE4', 'SE2', 'SE3'), ('SE3', 'SE4', 'SE3', 'SE2'), ('SE3', 'SE4', 'SE3', 'SE3'), ('SE4', 'SE2', 'SE2', 'SE2'), ('SE4', 'SE2', 'SE2', 'SE3'), ('SE4', 'SE2', 'SE3', 'SE2'), ('SE4', 'SE2', 'SE3', 'SE3'), ('SE4', 'SE3', 'SE2', 'SE2'), ('SE4', 'SE3', 'SE2', 'SE3'), ('SE4', 'SE3', 'SE3', 'SE2'), ('SE4', 'SE3', 'SE3', 'SE3')]",0.7348024845123291
Task015.json,"[('SE7', 'SE5', 'SE7', 'SE8'), ('SE8', 'SE7', 'SE5', 'SE7')]",0.7232077121734619
Task021.json,"[('SE1', 'SE4', 'SE7', 'SE1'), ('SE1', 'SE4', 'SE7', 'SE4'), ('SE1', 'SE7', 'SE1', 'SE4'), ('SE1', 'SE7', 'SE4', 'SE1'), ('SE1', 'SE7', 'SE4', 'SE4'), ('SE4', 'SE1', 'SE7', 'SE1'), ('SE4', 'SE1', 'SE7', 'SE4'), ('SE4', 'SE4', 'SE7', 'SE1'), ('SE4', 'SE4', 'SE7', 'SE4'), ('SE4', 'SE7', 'SE1', 'SE1'), ('SE4', 'SE7', 'SE1', 'SE4'), ('SE4', 'SE7', 'SE4', 'SE1'), ('SE4', 'SE7', 'SE4', 'SE4')]",0.7466094493865967
Task060.json,"[('SE1', 'SE5', 'SE6', 'SE4'), ('SE1', 'SE6', 'SE5', 'SE4'), ('SE4', 'SE5', 'SE6', 'SE1'), ('SE4', 'SE5', 'SE6', 'SE4'), ('SE4', 'SE6', 'SE5', 'SE1'), ('SE4', 'SE6', 'SE5', 'SE4')]",0.7057831287384033
Task078.json,"[('SE1', 'SE2', 'SE5', 'SE5'), ('SE1', 'SE3', 'SE5', 'SE5'), ('SE2', 'SE1', 'SE5', 'SE5'), ('SE3', 'SE1', 'SE5', 'SE5'), ('SE5', 'SE5', 'SE1', 'SE2'), ('SE5', 'SE5', 'SE1', 'SE3'), ('SE5', 'SE5', 'SE2', 'SE1'), ('SE5', 'SE5', 'SE3', 'SE1')]",0.7420680522918701
Task090.json,"[('SE1', 'SE1', 'SE1', 'SE8'), ('SE1', 'SE1', 'SE2', 'SE8'), ('SE1', 'SE1', 'SE3', 'SE8'), ('SE1', 'SE1', 'SE8', 'SE1'), ('SE1', 'SE1', 'SE8', 'SE2'), ('SE1', 'SE1', 'SE8', 'SE3'), ('SE1', 'SE1', 'SE8', 'SE8'), ('SE1', 'SE2', 'SE1', 'SE8'), ('SE1', 'SE2', 'SE8', 'SE1'), ('SE1', 'SE2', 'SE8', 'SE8'), ('SE1', 'SE3', 'SE1', 'SE8'), ('SE1', 'SE3', 'SE8', 'SE1'), ('SE1', 'SE3', 'SE8', 'SE8'), ('SE1', 'SE8', 'SE1', 'SE1'), ('SE1', 'SE8', 'SE1', 'SE2'), ('SE1', 'SE8', 'SE1', 'SE3'), ('SE1', 'SE8', 'SE1', 'SE8'), ('SE1', 'SE8', 'SE2', 'SE1'), ('SE1', 'SE8', 'SE2', 'SE8'), ('SE1', 'SE8', 'SE3', 'SE1'), ('SE1', 'SE8', 'SE3', 'SE8'), ('SE1', 'SE8', 'SE8', 'SE1'), ('SE1', 'SE8', 'SE8', 'SE2'), ('SE1', 'SE8', 'SE8', 'SE3'), ('SE1', 'SE8', 'SE8', 'SE8'), ('SE2', 'SE1', 'SE1', 'SE8'), ('SE2', 'SE1', 'SE8', 'SE1'), ('SE2', 'SE1', 'SE8', 'SE8'), ('SE2', 'SE8', 'SE1', 'SE1'), ('SE2', 'SE8', 'SE1', 'SE8'), ('SE2', 'SE8', 'SE8', 'SE1'), ('SE2', 'SE8', 'SE8', 'SE8'), ('SE3', 'SE1', 'SE1', 'SE8'), ('SE3', 'SE1', 'SE8', 'SE1'), ('SE3', 'SE1', 'SE8', 'SE8'), ('SE3', 'SE8', 'SE1', 'SE1'), ('SE3', 'SE8', 'SE1', 'SE8'), ('SE3', 'SE8', 'SE8', 'SE1'), ('SE3', 'SE8', 'SE8', 'SE8'), ('SE8', 'SE1', 'SE1', 'SE1'), ('SE8', 'SE1', 'SE1', 'SE2'), ('SE8', 'SE1', 'SE1', 'SE3'), ('SE8', 'SE1', 'SE1', 'SE8'), ('SE8', 'SE1', 'SE2', 'SE1'), ('SE8', 'SE1', 'SE2', 'SE8'), ('SE8', 'SE1', 'SE3', 'SE1'), ('SE8', 'SE1', 'SE3', 'SE8'), ('SE8', 'SE1', 'SE8', 'SE1'), ('SE8', 'SE1', 'SE8', 'SE2'), ('SE8', 'SE1', 'SE8', 'SE3'), ('SE8', 'SE1', 'SE8', 'SE8'), ('SE8', 'SE2', 'SE1', 'SE1'), ('SE8', 'SE2', 'SE1', 'SE8'), ('SE8', 'SE2', 'SE8', 'SE1'), ('SE8', 'SE2', 'SE8', 'SE8'), ('SE8', 'SE3', 'SE1', 'SE1'), ('SE8', 'SE3', 'SE1', 'SE8'), ('SE8', 'SE3', 'SE8', 'SE1'), ('SE8', 'SE3', 'SE8', 'SE8'), ('SE8', 'SE8', 'SE1', 'SE1'), ('SE8', 'SE8', 'SE1', 'SE2'), ('SE8', 'SE8', 'SE1', 'SE3'), ('SE8', 'SE8', 'SE1', 'SE8'), ('SE8', 'SE8', 'SE2', 'SE1'), ('SE8', 'SE8', 'SE2', 'SE8'), ('SE8', 'SE8', 'SE3', 'SE1'), ('SE8', 'SE8', 'SE3', 'SE8')]",0.825596809387207
Task095.json,"[('SE1', 'SE2', 'SE6', 'SE5'), ('SE1', 'SE3', 'SE6', 'SE5'), ('SE1', 'SE6', 'SE2', 'SE5'), ('SE1', 'SE6', 'SE3', 'SE5'), ('SE2', 'SE1', 'SE6', 'SE5'), ('SE2', 'SE6', 'SE1', 'SE5'), ('SE3', 'SE1', 'SE6', 'SE5'), ('SE3', 'SE6', 'SE1', 'SE5'), ('SE5', 'SE1', 'SE6', 'SE2'), ('SE5', 'SE1', 'SE6', 'SE3'), ('SE5', 'SE2', 'SE6', 'SE1'), ('SE5', 'SE3', 'SE6', 'SE1'), ('SE5', 'SE6', 'SE1', 'SE2'), ('SE5', 'SE6', 'SE1', 'SE3'), ('SE5', 'SE6', 'SE2', 'SE1'), ('SE5', 'SE6', 'SE3', 'SE1')]",0.8484070301055908
Task028.json,"[('SE1', 'SE1', 'SE4', 'SE6'), ('SE1', 'SE4', 'SE1', 'SE6'), ('SE1', 'SE4', 'SE4', 'SE6'), ('SE4', 'SE1', 'SE1', 'SE6'), ('SE4', 'SE1', 'SE4', 'SE6'), ('SE4', 'SE4', 'SE1', 'SE6'), ('SE4', 'SE4', 'SE4', 'SE6'), ('SE6', 'SE1', 'SE1', 'SE4'), ('SE6', 'SE1', 'SE4', 'SE1'), ('SE6', 'SE1', 'SE4', 'SE4'), ('SE6', 'SE4', 'SE1', 'SE1'), ('SE6', 'SE4', 'SE1', 'SE4'), ('SE6', 'SE4', 'SE4', 'SE1'), ('SE6', 'SE4', 'SE4', 'SE4')]",0.7136738300323486
Task001.json,"[('SE2', 'SE7', 'SE7', 'SE5'), ('SE3', 'SE7', 'SE7', 'SE5'), ('SE5', 'SE7', 'SE2', 'SE7'), ('SE5', 'SE7', 'SE3', 'SE7'), ('SE5', 'SE7', 'SE7', 'SE2'), ('SE5', 'SE7', 'SE7', 'SE3'), ('SE7', 'SE2', 'SE7', 'SE5'), ('SE7', 'SE3', 'SE7', 'SE5')]",0.7541379928588867
Task074.json,"[('SE2', 'SE6', 'SE7', 'SE8'), ('SE2', 'SE7', 'SE6', 'SE8'), ('SE3', 'SE6', 'SE7', 'SE8'), ('SE3', 'SE7', 'SE6', 'SE8'), ('SE8', 'SE6', 'SE7', 'SE2'), ('SE8', 'SE6', 'SE7', 'SE3')]",0.6889925003051758
Task056.json,"[('SE2', 'SE2', 'SE4', 'SE7'), ('SE2', 'SE3', 'SE4', 'SE7'), ('SE2', 'SE4', 'SE2', 'SE7'), ('SE2', 'SE4', 'SE3', 'SE7'), ('SE3', 'SE2', 'SE4', 'SE7'), ('SE3', 'SE3', 'SE4', 'SE7'), ('SE3', 'SE4', 'SE2', 'SE7'), ('SE3', 'SE4', 'SE3', 'SE7'), ('SE4', 'SE2', 'SE2', 'SE7'), ('SE4', 'SE2', 'SE3', 'SE7'), ('SE4', 'SE3', 'SE2', 'SE7'), ('SE4', 'SE3', 'SE3', 'SE7'), ('SE7', 'SE2', 'SE2', 'SE4'), ('SE7', 'SE2', 'SE3', 'SE4'), ('SE7', 'SE2', 'SE4', 'SE2'), ('SE7', 'SE2', 'SE4', 'SE3'), ('SE7', 'SE3', 'SE2', 'SE4'), ('SE7', 'SE3', 'SE3', 'SE4'), ('SE7', 'SE3', 'SE4', 'SE2'), ('SE7', 'SE3', 'SE4', 'SE3'), ('SE7', 'SE4', 'SE2', 'SE2'), ('SE7', 'SE4', 'SE2', 'SE3'), ('SE7', 'SE4', 'SE3', 'SE2'), ('SE7', 'SE4', 'SE3', 'SE3')]",0.7838594913482666
Task031.json,"[('SE2', 'SE2', 'SE4', 'SE6'), ('SE2', 'SE3', 'SE4', 'SE6'), ('SE2', 'SE4', 'SE2', 'SE6'), ('SE2', 'SE4', 'SE3', 'SE6'), ('SE3', 'SE2', 'SE4', 'SE6'), ('SE3', 'SE3', 'SE4', 'SE6'), ('SE3', 'SE4', 'SE2', 'SE6'), ('SE3', 'SE4', 'SE3', 'SE6'), ('SE4', 'SE2', 'SE2', 'SE6'), ('SE4', 'SE2', 'SE3', 'SE6'), ('SE4', 'SE3', 'SE2', 'SE6'), ('SE4', 'SE3', 'SE3', 'SE6'), ('SE6', 'SE2', 'SE2', 'SE4'), ('SE6', 'SE2', 'SE3', 'SE4'), ('SE6', 'SE2', 'SE4', 'SE2'), ('SE6', 'SE2', 'SE4', 'SE3'), ('SE6', 'SE3', 'SE2', 'SE4'), ('SE6', 'SE3', 'SE3', 'SE4'), ('SE6', 'SE3', 'SE4', 'SE2'), ('SE6', 'SE3', 'SE4', 'SE3'), ('SE6', 'SE4', 'SE2', 'SE2'), ('SE6', 'SE4', 'SE2', 'SE3'), ('SE6', 'SE4', 'SE3', 'SE2'), ('SE6', 'SE4', 'SE3', 'SE3')]",0.6980514526367188
Task076.json,"[('SE1', 'SE7', 'SE4', 'SE7'), ('SE1', 'SE7', 'SE7', 'SE4'), ('SE4', 'SE7', 'SE1', 'SE7'), ('SE4', 'SE7', 'SE4', 'SE7'), ('SE4', 'SE7', 'SE7', 'SE1'), ('SE4', 'SE7', 'SE7', 'SE4'), ('SE7', 'SE1', 'SE4', 'SE7'), ('SE7', 'SE1', 'SE7', 'SE4'), ('SE7', 'SE4', 'SE1', 'SE7'), ('SE7', 'SE4', 'SE4', 'SE7'), ('SE7', 'SE4', 'SE7', 'SE1'), ('SE7', 'SE4', 'SE7', 'SE4')]",0.6908745765686035
Task043.json,"[('SE1', 'SE2', 'SE8', 'SE2'), ('SE1', 'SE2', 'SE8', 'SE3'), ('SE1', 'SE3', 'SE8', 'SE2'), ('SE1', 'SE3', 'SE8', 'SE3'), ('SE1', 'SE8', 'SE2', 'SE2'), ('SE1', 'SE8', 'SE2', 'SE3'), ('SE1', 'SE8', 'SE3', 'SE2'), ('SE1', 'SE8', 'SE3', 'SE3'), ('SE2', 'SE1', 'SE8', 'SE2'), ('SE2', 'SE1', 'SE8', 'SE3'), ('SE2', 'SE2', 'SE8', 'SE1'), ('SE2', 'SE3', 'SE8', 'SE1'), ('SE2', 'SE8', 'SE1', 'SE2'), ('SE2', 'SE8', 'SE1', 'SE3'), ('SE2', 'SE8', 'SE2', 'SE1'), ('SE2', 'SE8', 'SE3', 'SE1'), ('SE3', 'SE1', 'SE8', 'SE2'), ('SE3', 'SE1', 'SE8', 'SE3'), ('SE3', 'SE2', 'SE8', 'SE1'), ('SE3', 'SE3', 'SE8', 'SE1'), ('SE3', 'SE8', 'SE1', 'SE2'), ('SE3', 'SE8', 'SE1', 'SE3'), ('SE3', 'SE8', 'SE2', 'SE1'), ('SE3', 'SE8', 'SE3', 'SE1')]",0.708092451095581
Task035.json,"[('SE5', 'SE1', 'SE8', 'SE2'), ('SE5', 'SE1', 'SE8', 'SE3'), ('SE5', 'SE2', 'SE8', 'SE1'), ('SE5', 'SE2', 'SE8', 'SE4'), ('SE5', 'SE3', 'SE8', 'SE1'), ('SE5', 'SE3', 'SE8', 'SE4'), ('SE5', 'SE4', 'SE8', 'SE2'), ('SE5', 'SE4', 'SE8', 'SE3'), ('SE5', 'SE8', 'SE1', 'SE2'), ('SE5', 'SE8', 'SE1', 'SE3'), ('SE5', 'SE8', 'SE2', 'SE1'), ('SE5', 'SE8', 'SE2', 'SE4'), ('SE5', 'SE8', 'SE3', 'SE1'), ('SE5', 'SE8', 'SE3', 'SE4'), ('SE5', 'SE8', 'SE4', 'SE2'), ('SE5', 'SE8', 'SE4', 'SE3')]",0.7522635459899902
Task086.json,"[('SE1', 'SE1', 'SE5', 'SE7'), ('SE1', 'SE4', 'SE5', 'SE7'), ('SE1', 'SE5', 'SE1', 'SE7'), ('SE1', 'SE5', 'SE4', 'SE7'), ('SE4', 'SE1', 'SE5', 'SE7'), ('SE4', 'SE4', 'SE5', 'SE7'), ('SE4', 'SE5', 'SE1', 'SE7'), ('SE4', 'SE5', 'SE4', 'SE7'), ('SE7', 'SE1', 'SE5', 'SE1'), ('SE7', 'SE1', 'SE5', 'SE4'), ('SE7', 'SE4', 'SE5', 'SE1'), ('SE7', 'SE4', 'SE5', 'SE4'), ('SE7', 'SE5', 'SE1', 'SE1'), ('SE7', 'SE5', 'SE1', 'SE4'), ('SE7', 'SE5', 'SE4', 'SE1'), ('SE7', 'SE5', 'SE4', 'SE4')]",0.7801003456115723
Task046.json,"[('SE1', 'SE7', 'SE8', 'SE7'), ('SE4', 'SE7', 'SE8', 'SE7'), ('SE7', 'SE1', 'SE8', 'SE7'), ('SE7', 'SE4', 'SE8', 'SE7'), ('SE7', 'SE8', 'SE1', 'SE7'), ('SE7', 'SE8', 'SE4', 'SE7'), ('SE7', 'SE8', 'SE7', 'SE1'), ('SE7', 'SE8', 'SE7', 'SE4')]",0.7585821151733398
Task011.json,"[('SE1', 'SE1', 'SE5', 'SE2'), ('SE1', 'SE1', 'SE5', 'SE3'), ('SE1', 'SE2', 'SE5', 'SE1'), ('SE1', 'SE2', 'SE5', 'SE5'), ('SE1', 'SE3', 'SE5', 'SE1'), ('SE1', 'SE3', 'SE5', 'SE5'), ('SE1', 'SE5', 'SE1', 'SE2'), ('SE1', 'SE5', 'SE1', 'SE3'), ('SE1', 'SE5', 'SE2', 'SE1'), ('SE1', 'SE5', 'SE3', 'SE1'), ('SE2', 'SE1', 'SE5', 'SE1'), ('SE2', 'SE1', 'SE5', 'SE5'), ('SE2', 'SE5', 'SE1', 'SE1'), ('SE3', 'SE1', 'SE5', 'SE1'), ('SE3', 'SE1', 'SE5', 'SE5'), ('SE3', 'SE5', 'SE1', 'SE1'), ('SE5', 'SE5', 'SE1', 'SE2'), ('SE5', 'SE5', 'SE1', 'SE3'), ('SE5', 'SE5', 'SE2', 'SE1'), ('SE5', 'SE5', 'SE3', 'SE1')]",0.7443311214447021
Task014.json,"[('SE1', 'SE2', 'SE6', 'SE8'), ('SE1', 'SE3', 'SE6', 'SE8'), ('SE1', 'SE6', 'SE2', 'SE8'), ('SE1', 'SE6', 'SE3', 'SE8'), ('SE2', 'SE1', 'SE6', 'SE8'), ('SE2', 'SE4', 'SE6', 'SE8'), ('SE2', 'SE6', 'SE1', 'SE8'), ('SE2', 'SE6', 'SE4', 'SE8'), ('SE3', 'SE1', 'SE6', 'SE8'), ('SE3', 'SE4', 'SE6', 'SE8'), ('SE3', 'SE6', 'SE1', 'SE8'), ('SE3', 'SE6', 'SE4', 'SE8'), ('SE4', 'SE2', 'SE6', 'SE8'), ('SE4', 'SE3', 'SE6', 'SE8'), ('SE4', 'SE6', 'SE2', 'SE8'), ('SE4', 'SE6', 'SE3', 'SE8'), ('SE8', 'SE1', 'SE6', 'SE2'), ('SE8', 'SE1', 'SE6', 'SE3'), ('SE8', 'SE2', 'SE6', 'SE1'), ('SE8', 'SE2', 'SE6', 'SE4'), ('SE8', 'SE3', 'SE6', 'SE1'), ('SE8', 'SE3', 'SE6', 'SE4'), ('SE8', 'SE4', 'SE6', 'SE2'), ('SE8', 'SE4', 'SE6', 'SE3'), ('SE8', 'SE6', 'SE1', 'SE2'), ('SE8', 'SE6', 'SE1', 'SE3'), ('SE8', 'SE6', 'SE2', 'SE1'), ('SE8', 'SE6', 'SE2', 'SE4'), ('SE8', 'SE6', 'SE3', 'SE1'), ('SE8', 'SE6', 'SE3', 'SE4'), ('SE8', 'SE6', 'SE4', 'SE2'), ('SE8', 'SE6', 'SE4', 'SE3')]",0.715801477432251
Task072.json,"[('SE1', 'SE2', 'SE7', 'SE5'), ('SE1', 'SE3', 'SE7', 'SE5'), ('SE1', 'SE7', 'SE2', 'SE5'), ('SE1', 'SE7', 'SE3', 'SE5'), ('SE2', 'SE1', 'SE7', 'SE5'), ('SE2', 'SE4', 'SE7', 'SE5'), ('SE2', 'SE7', 'SE1', 'SE5'), ('SE2', 'SE7', 'SE4', 'SE5'), ('SE3', 'SE1', 'SE7', 'SE5'), ('SE3', 'SE4', 'SE7', 'SE5'), ('SE3', 'SE7', 'SE1', 'SE5'), ('SE3', 'SE7', 'SE4', 'SE5'), ('SE4', 'SE2', 'SE7', 'SE5'), ('SE4', 'SE3', 'SE7', 'SE5'), ('SE4', 'SE7', 'SE2', 'SE5'), ('SE4', 'SE7', 'SE3', 'SE5'), ('SE5', 'SE1', 'SE7', 'SE2'), ('SE5', 'SE1', 'SE7', 'SE3'), ('SE5', 'SE2', 'SE7', 'SE1'), ('SE5', 'SE2', 'SE7', 'SE4'), ('SE5', 'SE3', 'SE7', 'SE1'), ('SE5', 'SE3', 'SE7', 'SE4'), ('SE5', 'SE4', 'SE7', 'SE2'), ('SE5', 'SE4', 'SE7', 'SE3'), ('SE5', 'SE7', 'SE1', 'SE2'), ('SE5', 'SE7', 'SE1', 'SE3'), ('SE5', 'SE7', 'SE2', 'SE1'), ('SE5', 'SE7', 'SE2', 'SE4'), ('SE5', 'SE7', 'SE3', 'SE1'), ('SE5', 'SE7', 'SE3', 'SE4'), ('SE5', 'SE7', 'SE4', 'SE2'), ('SE5', 'SE7', 'SE4', 'SE3')]",0.747124195098877
Task065.json,"[('SE1', 'SE2', 'SE8', 'SE7'), ('SE1', 'SE3', 'SE8', 'SE7'), ('SE1', 'SE8', 'SE2', 'SE7'), ('SE1', 'SE8', 'SE3', 'SE7'), ('SE2', 'SE1', 'SE8', 'SE7'), ('SE2', 'SE8', 'SE1', 'SE7'), ('SE3', 'SE1', 'SE8', 'SE7'), ('SE3', 'SE8', 'SE1', 'SE7'), ('SE7', 'SE1', 'SE8', 'SE2'), ('SE7', 'SE1', 'SE8', 'SE3'), ('SE7', 'SE2', 'SE8', 'SE1'), ('SE7', 'SE3', 'SE8', 'SE1'), ('SE7', 'SE8', 'SE1', 'SE2'), ('SE7', 'SE8', 'SE1', 'SE3'), ('SE7', 'SE8', 'SE2', 'SE1'), ('SE7', 'SE8', 'SE3', 'SE1')]",0.708909273147583
Task017.json,"[('SE6', 'SE7', 'SE8', 'SE5'), ('SE6', 'SE8', 'SE7', 'SE5')]",0.7011196613311768
Task012.json,"[('SE1', 'SE2', 'SE7', 'SE7'), ('SE1', 'SE3', 'SE7', 'SE7'), ('SE2', 'SE1', 'SE7', 'SE7'), ('SE3', 'SE1', 'SE7', 'SE7'), ('SE7', 'SE7', 'SE1', 'SE2'), ('SE7', 'SE7', 'SE1', 'SE3'), ('SE7', 'SE7', 'SE2', 'SE1'), ('SE7', 'SE7', 'SE3', 'SE1')]",0.6987113952636719
Task044.json,"[('SE1', 'SE2', 'SE6', 'SE8'), ('SE1', 'SE3', 'SE6', 'SE8'), ('SE1', 'SE6', 'SE2', 'SE8'), ('SE1', 'SE6', 'SE3', 'SE8'), ('SE2', 'SE1', 'SE6', 'SE8'), ('SE2', 'SE4', 'SE6', 'SE8'), ('SE2', 'SE6', 'SE1', 'SE8'), ('SE2', 'SE6', 'SE4', 'SE8'), ('SE3', 'SE1', 'SE6', 'SE8'), ('SE3', 'SE4', 'SE6', 'SE8'), ('SE3', 'SE6', 'SE1', 'SE8'), ('SE3', 'SE6', 'SE4', 'SE8'), ('SE4', 'SE2', 'SE6', 'SE8'), ('SE4', 'SE3', 'SE6', 'SE8'), ('SE4', 'SE6', 'SE2', 'SE8'), ('SE4', 'SE6', 'SE3', 'SE8'), ('SE6', 'SE6', 'SE2', 'SE8'), ('SE6', 'SE6', 'SE3', 'SE8'), ('SE8', 'SE1', 'SE6', 'SE2'), ('SE8', 'SE1', 'SE6', 'SE3'), ('SE8', 'SE2', 'SE6', 'SE1'), ('SE8', 'SE2', 'SE6', 'SE4'), ('SE8', 'SE2', 'SE6', 'SE6'), ('SE8', 'SE3', 'SE6', 'SE1'), ('SE8', 'SE3', 'SE6', 'SE4'), ('SE8', 'SE3', 'SE6', 'SE6'), ('SE8', 'SE4', 'SE6', 'SE2'), ('SE8', 'SE4', 'SE6', 'SE3'), ('SE8', 'SE6', 'SE1', 'SE2'), ('SE8', 'SE6', 'SE1', 'SE3'), ('SE8', 'SE6', 'SE2', 'SE1'), ('SE8', 'SE6', 'SE2', 'SE4'), ('SE8', 'SE6', 'SE3', 'SE1'), ('SE8', 'SE6', 'SE3', 'SE4'), ('SE8', 'SE6', 'SE4', 'SE2'), ('SE8', 'SE6', 'SE4', 'SE3')]",0.8297173976898193
Task032.json,"[('SE2', 'SE8', 'SE2', 'SE8'), ('SE2', 'SE8', 'SE3', 'SE8'), ('SE2', 'SE8', 'SE8', 'SE2'), ('SE2', 'SE8', 'SE8', 'SE3'), ('SE3', 'SE8', 'SE2', 'SE8'), ('SE3', 'SE8', 'SE3', 'SE8'), ('SE3', 'SE8', 'SE8', 'SE2'), ('SE3', 'SE8', 'SE8', 'SE3'), ('SE8', 'SE2', 'SE2', 'SE8'), ('SE8', 'SE2', 'SE3', 'SE8'), ('SE8', 'SE2', 'SE8', 'SE2'), ('SE8', 'SE2', 'SE8', 'SE3'), ('SE8', 'SE3', 'SE2', 'SE8'), ('SE8', 'SE3', 'SE3', 'SE8'), ('SE8', 'SE3', 'SE8', 'SE2'), ('SE8', 'SE3', 'SE8', 'SE3')]",0.7308228015899658
Task016.json,"[('SE1', 'SE2', 'SE5', 'SE4'), ('SE1', 'SE3', 'SE5', 'SE4'), ('SE1', 'SE4', 'SE5', 'SE2'), ('SE1', 'SE4', 'SE5', 'SE3'), ('SE1', 'SE5', 'SE2', 'SE4'), ('SE1', 'SE5', 'SE3', 'SE4'), ('SE1', 'SE5', 'SE4', 'SE2'), ('SE1', 'SE5', 'SE4', 'SE3'), ('SE2', 'SE1', 'SE5', 'SE4'), ('SE2', 'SE4', 'SE5', 'SE1'), ('SE2', 'SE4', 'SE5', 'SE4'), ('SE2', 'SE5', 'SE1', 'SE4'), ('SE2', 'SE5', 'SE4', 'SE1'), ('SE2', 'SE5', 'SE4', 'SE4'), ('SE3', 'SE1', 'SE5', 'SE4'), ('SE3', 'SE4', 'SE5', 'SE1'), ('SE3', 'SE4', 'SE5', 'SE4'), ('SE3', 'SE5', 'SE1', 'SE4'), ('SE3', 'SE5', 'SE4', 'SE1'), ('SE3', 'SE5', 'SE4', 'SE4'), ('SE4', 'SE1', 'SE5', 'SE2'), ('SE4', 'SE1', 'SE5', 'SE3'), ('SE4', 'SE2', 'SE5', 'SE1'), ('SE4', 'SE2', 'SE5', 'SE4'), ('SE4', 'SE3', 'SE5', 'SE1'), ('SE4', 'SE3', 'SE5', 'SE4'), ('SE4', 'SE4', 'SE5', 'SE2'), ('SE4', 'SE4', 'SE5', 'SE3'), ('SE4', 'SE5', 'SE1', 'SE2'), ('SE4', 'SE5', 'SE1', 'SE3'), ('SE4', 'SE5', 'SE2', 'SE1'), ('SE4', 'SE5', 'SE2', 'SE4'), ('SE4', 'SE5', 'SE3', 'SE1'), ('SE4', 'SE5', 'SE3', 'SE4'), ('SE4', 'SE5', 'SE4', 'SE2'), ('SE4', 'SE5', 'SE4', 'SE3')]",0.7815103530883789
Task052.json,"[('SE1', 'SE2', 'SE5', 'SE2'), ('SE1', 'SE2', 'SE5', 'SE3'), ('SE1', 'SE3', 'SE5', 'SE2'), ('SE1', 'SE3', 'SE5', 'SE3'), ('SE1', 'SE5', 'SE2', 'SE2'), ('SE1', 'SE5', 'SE2', 'SE3'), ('SE1', 'SE5', 'SE3', 'SE2'), ('SE1', 'SE5', 'SE3', 'SE3'), ('SE2', 'SE1', 'SE5', 'SE2'), ('SE2', 'SE1', 'SE5', 'SE3'), ('SE2', 'SE2', 'SE5', 'SE1'), ('SE2', 'SE3', 'SE5', 'SE1'), ('SE2', 'SE5', 'SE1', 'SE2'), ('SE2', 'SE5', 'SE1', 'SE3'), ('SE2', 'SE5', 'SE2', 'SE1'), ('SE2', 'SE5', 'SE3', 'SE1'), ('SE3', 'SE1', 'SE5', 'SE2'), ('SE3', 'SE1', 'SE5', 'SE3'), ('SE3', 'SE2', 'SE5', 'SE1'), ('SE3', 'SE3', 'SE5', 'SE1'), ('SE3', 'SE5', 'SE1', 'SE2'), ('SE3', 'SE5', 'SE1', 'SE3'), ('SE3', 'SE5', 'SE2', 'SE1'), ('SE3', 'SE5', 'SE3', 'SE1')]",1.187459945678711
Task045.json,"[('SE5', 'SE2', 'SE8', 'SE8'), ('SE5', 'SE3', 'SE8', 'SE8'), ('SE8', 'SE8', 'SE2', 'SE5'), ('SE8', 'SE8', 'SE3', 'SE5')]",0.8684072494506836
Task030.json,"[('SE1', 'SE2', 'SE5', 'SE8'), ('SE1', 'SE3', 'SE5', 'SE8'), ('SE1', 'SE5', 'SE2', 'SE8'), ('SE1', 'SE5', 'SE3', 'SE8'), ('SE2', 'SE1', 'SE5', 'SE8'), ('SE2', 'SE4', 'SE5', 'SE8'), ('SE2', 'SE5', 'SE1', 'SE8'), ('SE2', 'SE5', 'SE4', 'SE8'), ('SE3', 'SE1', 'SE5', 'SE8'), ('SE3', 'SE4', 'SE5', 'SE8'), ('SE3', 'SE5', 'SE1', 'SE8'), ('SE3', 'SE5', 'SE4', 'SE8'), ('SE4', 'SE2', 'SE5', 'SE8'), ('SE4', 'SE3', 'SE5', 'SE8'), ('SE4', 'SE5', 'SE2', 'SE8'), ('SE4', 'SE5', 'SE3', 'SE8'), ('SE8', 'SE1', 'SE5', 'SE2'), ('SE8', 'SE1', 'SE5', 'SE3'), ('SE8', 'SE2', 'SE5', 'SE1'), ('SE8', 'SE2', 'SE5', 'SE4'), ('SE8', 'SE3', 'SE5', 'SE1'), ('SE8', 'SE3', 'SE5', 'SE4'), ('SE8', 'SE4', 'SE5', 'SE2'), ('SE8', 'SE4', 'SE5', 'SE3'), ('SE8', 'SE5', 'SE1', 'SE2'), ('SE8', 'SE5', 'SE1', 'SE3'), ('SE8', 'SE5', 'SE2', 'SE1'), ('SE8', 'SE5', 'SE2', 'SE4'), ('SE8', 'SE5', 'SE3', 'SE1'), ('SE8', 'SE5', 'SE3', 'SE4'), ('SE8', 'SE5', 'SE4', 'SE2'), ('SE8', 'SE5', 'SE4', 'SE3')]",0.7687532901763916
Task004.json,"[('SE6', 'SE1', 'SE2', 'SE8'), ('SE6', 'SE1', 'SE3', 'SE8'), ('SE6', 'SE2', 'SE1', 'SE8'), ('SE6', 'SE2', 'SE4', 'SE8'), ('SE6', 'SE3', 'SE1', 'SE8'), ('SE6', 'SE3', 'SE4', 'SE8'), ('SE6', 'SE4', 'SE2', 'SE8'), ('SE6', 'SE4', 'SE3', 'SE8'), ('SE8', 'SE1', 'SE2', 'SE6'), ('SE8', 'SE1', 'SE3', 'SE6'), ('SE8', 'SE2', 'SE1', 'SE6'), ('SE8', 'SE2', 'SE4', 'SE6'), ('SE8', 'SE3', 'SE1', 'SE6'), ('SE8', 'SE3', 'SE4', 'SE6'), ('SE8', 'SE4', 'SE2', 'SE6'), ('SE8', 'SE4', 'SE3', 'SE6')]",0.7506308555603027
Task051.json,"[('SE1', 'SE7', 'SE8', 'SE2'), ('SE1', 'SE7', 'SE8', 'SE3'), ('SE1', 'SE8', 'SE7', 'SE2'), ('SE1', 'SE8', 'SE7', 'SE3'), ('SE2', 'SE7', 'SE8', 'SE1'), ('SE2', 'SE7', 'SE8', 'SE8'), ('SE2', 'SE8', 'SE7', 'SE1'), ('SE2', 'SE8', 'SE7', 'SE7'), ('SE3', 'SE7', 'SE8', 'SE1'), ('SE3', 'SE7', 'SE8', 'SE8'), ('SE3', 'SE8', 'SE7', 'SE1'), ('SE3', 'SE8', 'SE7', 'SE7'), ('SE7', 'SE7', 'SE8', 'SE2'), ('SE7', 'SE7', 'SE8', 'SE3'), ('SE8', 'SE8', 'SE7', 'SE2'), ('SE8', 'SE8', 'SE7', 'SE3')]",0.7389321327209473
Task097.json,"[('SE2', 'SE4', 'SE7', 'SE7'), ('SE2', 'SE7', 'SE4', 'SE7'), ('SE2', 'SE7', 'SE7', 'SE4'), ('SE3', 'SE4', 'SE7', 'SE7'), ('SE3', 'SE7', 'SE4', 'SE7'), ('SE3', 'SE7', 'SE7', 'SE4'), ('SE4', 'SE2', 'SE7', 'SE7'), ('SE4', 'SE3', 'SE7', 'SE7'), ('SE4', 'SE7', 'SE2', 'SE7'), ('SE4', 'SE7', 'SE3', 'SE7'), ('SE4', 'SE7', 'SE7', 'SE2'), ('SE4', 'SE7', 'SE7', 'SE3'), ('SE7', 'SE2', 'SE4', 'SE7'), ('SE7', 'SE2', 'SE7', 'SE4'), ('SE7', 'SE3', 'SE4', 'SE7'), ('SE7', 'SE3', 'SE7', 'SE4'), ('SE7', 'SE4', 'SE2', 'SE7'), ('SE7', 'SE4', 'SE3', 'SE7'), ('SE7', 'SE4', 'SE7', 'SE2'), ('SE7', 'SE4', 'SE7', 'SE3'), ('SE7', 'SE7', 'SE2', 'SE4'), ('SE7', 'SE7', 'SE3', 'SE4'), ('SE7', 'SE7', 'SE4', 'SE2'), ('SE7', 'SE7', 'SE4', 'SE3')]",0.8267822265625
Task070.json,"[('SE1', 'SE2', 'SE4', 'SE5'), ('SE1', 'SE3', 'SE4', 'SE5'), ('SE1', 'SE4', 'SE2', 'SE5'), ('SE1', 'SE4', 'SE3', 'SE5'), ('SE2', 'SE1', 'SE4', 'SE5'), ('SE2', 'SE4', 'SE1', 'SE5'), ('SE2', 'SE4', 'SE4', 'SE5'), ('SE3', 'SE1', 'SE4', 'SE5'), ('SE3', 'SE4', 'SE1', 'SE5'), ('SE3', 'SE4', 'SE4', 'SE5'), ('SE4', 'SE1', 'SE2', 'SE5'), ('SE4', 'SE1', 'SE3', 'SE5'), ('SE4', 'SE2', 'SE1', 'SE5'), ('SE4', 'SE2', 'SE4', 'SE5'), ('SE4', 'SE3', 'SE1', 'SE5'), ('SE4', 'SE3', 'SE4', 'SE5'), ('SE4', 'SE4', 'SE2', 'SE5'), ('SE4', 'SE4', 'SE3', 'SE5'), ('SE5', 'SE1', 'SE2', 'SE4'), ('SE5', 'SE1', 'SE3', 'SE4'), ('SE5', 'SE1', 'SE4', 'SE2'), ('SE5', 'SE1', 'SE4', 'SE3'), ('SE5', 'SE2', 'SE1', 'SE4'), ('SE5', 'SE2', 'SE4', 'SE1'), ('SE5', 'SE2', 'SE4', 'SE4'), ('SE5', 'SE3', 'SE1', 'SE4'), ('SE5', 'SE3', 'SE4', 'SE1'), ('SE5', 'SE3', 'SE4', 'SE4'), ('SE5', 'SE4', 'SE1', 'SE2'), ('SE5', 'SE4', 'SE1', 'SE3'), ('SE5', 'SE4', 'SE2', 'SE1'), ('SE5', 'SE4', 'SE2', 'SE4'), ('SE5', 'SE4', 'SE3', 'SE1'), ('SE5', 'SE4', 'SE3', 'SE4'), ('SE5', 'SE4', 'SE4', 'SE2'), ('SE5', 'SE4', 'SE4', 'SE3')]",0.7338788509368896
Task027.json,"[('SE8', 'SE8', 'SE1', 'SE6'), ('SE8', 'SE8', 'SE4', 'SE6')]",0.6946234703063965
Task063.json,"[('SE1', 'SE2', 'SE2', 'SE8'), ('SE1', 'SE2', 'SE3', 'SE8'), ('SE1', 'SE3', 'SE2', 'SE8'), ('SE1', 'SE3', 'SE3', 'SE8'), ('SE2', 'SE1', 'SE2', 'SE8'), ('SE2', 'SE1', 'SE3', 'SE8'), ('SE2', 'SE2', 'SE1', 'SE8'), ('SE2', 'SE3', 'SE1', 'SE8'), ('SE3', 'SE1', 'SE2', 'SE8'), ('SE3', 'SE1', 'SE3', 'SE8'), ('SE3', 'SE2', 'SE1', 'SE8'), ('SE3', 'SE3', 'SE1', 'SE8'), ('SE8', 'SE1', 'SE2', 'SE2'), ('SE8', 'SE1', 'SE2', 'SE3'), ('SE8', 'SE1', 'SE3', 'SE2'), ('SE8', 'SE1', 'SE3', 'SE3'), ('SE8', 'SE2', 'SE1', 'SE2'), ('SE8', 'SE2', 'SE1', 'SE3'), ('SE8', 'SE2', 'SE2', 'SE1'), ('SE8', 'SE2', 'SE3', 'SE1'), ('SE8', 'SE3', 'SE1', 'SE2'), ('SE8', 'SE3', 'SE1', 'SE3'), ('SE8', 'SE3', 'SE2', 'SE1'), ('SE8', 'SE3', 'SE3', 'SE1')]",0.7010469436645508
Task077.json,"[('SE1', 'SE2', 'SE5', 'SE8'), ('SE1', 'SE3', 'SE5', 'SE8'), ('SE1', 'SE5', 'SE2', 'SE8'), ('SE1', 'SE5', 'SE3', 'SE8'), ('SE2', 'SE1', 'SE5', 'SE8'), ('SE2', 'SE4', 'SE5', 'SE8'), ('SE2', 'SE5', 'SE1', 'SE8'), ('SE2', 'SE5', 'SE4', 'SE8'), ('SE3', 'SE1', 'SE5', 'SE8'), ('SE3', 'SE4', 'SE5', 'SE8'), ('SE3', 'SE5', 'SE1', 'SE8'), ('SE3', 'SE5', 'SE4', 'SE8'), ('SE4', 'SE2', 'SE5', 'SE8'), ('SE4', 'SE3', 'SE5', 'SE8'), ('SE4', 'SE5', 'SE2', 'SE8'), ('SE4', 'SE5', 'SE3', 'SE8'), ('SE8', 'SE2', 'SE5', 'SE1'), ('SE8', 'SE2', 'SE5', 'SE4'), ('SE8', 'SE3', 'SE5', 'SE1'), ('SE8', 'SE3', 'SE5', 'SE4'), ('SE8', 'SE5', 'SE1', 'SE2'), ('SE8', 'SE5', 'SE1', 'SE3'), ('SE8', 'SE5', 'SE2', 'SE1'), ('SE8', 'SE5', 'SE2', 'SE4'), ('SE8', 'SE5', 'SE3', 'SE1'), ('SE8', 'SE5', 'SE3', 'SE4'), ('SE8', 'SE5', 'SE4', 'SE2'), ('SE8', 'SE5', 'SE4', 'SE3')]",0.7228236198425293
Task062.json,"[('SE5', 'SE1', 'SE8', 'SE6'), ('SE5', 'SE4', 'SE8', 'SE6'), ('SE5', 'SE8', 'SE1', 'SE6'), ('SE5', 'SE8', 'SE4', 'SE6'), ('SE6', 'SE1', 'SE8', 'SE5'), ('SE6', 'SE4', 'SE8', 'SE5'), ('SE6', 'SE8', 'SE1', 'SE5'), ('SE6', 'SE8', 'SE4', 'SE5')]",0.6922295093536377
Task010.json,"[('SE2', 'SE6', 'SE8', 'SE6'), ('SE3', 'SE6', 'SE8', 'SE6'), ('SE6', 'SE2', 'SE8', 'SE6'), ('SE6', 'SE3', 'SE8', 'SE6'), ('SE6', 'SE8', 'SE2', 'SE6'), ('SE6', 'SE8', 'SE3', 'SE6'), ('SE6', 'SE8', 'SE6', 'SE2'), ('SE6', 'SE8', 'SE6', 'SE3')]",0.7193748950958252
Task000.json,"[('SE7', 'SE1', 'SE6', 'SE8'), ('SE7', 'SE4', 'SE6', 'SE8'), ('SE7', 'SE6', 'SE1', 'SE8'), ('SE7', 'SE6', 'SE4', 'SE8'), ('SE8', 'SE1', 'SE6', 'SE7'), ('SE8', 'SE4', 'SE6', 'SE7'), ('SE8', 'SE6', 'SE1', 'SE7'), ('SE8', 'SE6', 'SE4', 'SE7')]",0.7286269664764404
Task081.json,"[('SE1', 'SE2', 'SE5', 'SE4'), ('SE1', 'SE3', 'SE5', 'SE4'), ('SE1', 'SE5', 'SE2', 'SE4'), ('SE1', 'SE5', 'SE3', 'SE4'), ('SE1', 'SE5', 'SE4', 'SE2'), ('SE1', 'SE5', 'SE4', 'SE3'), ('SE2', 'SE1', 'SE5', 'SE4'), ('SE2', 'SE4', 'SE5', 'SE1'), ('SE2', 'SE4', 'SE5', 'SE4'), ('SE2', 'SE4', 'SE5', 'SE5'), ('SE2', 'SE5', 'SE1', 'SE4'), ('SE2', 'SE5', 'SE4', 'SE1'), ('SE2', 'SE5', 'SE4', 'SE4'), ('SE3', 'SE1', 'SE5', 'SE4'), ('SE3', 'SE4', 'SE5', 'SE1'), ('SE3', 'SE4', 'SE5', 'SE4'), ('SE3', 'SE4', 'SE5', 'SE5'), ('SE3', 'SE5', 'SE1', 'SE4'), ('SE3', 'SE5', 'SE4', 'SE1'), ('SE3', 'SE5', 'SE4', 'SE4'), ('SE4', 'SE2', 'SE5', 'SE1'), ('SE4', 'SE2', 'SE5', 'SE4'), ('SE4', 'SE2', 'SE5', 'SE5'), ('SE4', 'SE3', 'SE5', 'SE1'), ('SE4', 'SE3', 'SE5', 'SE4'), ('SE4', 'SE3', 'SE5', 'SE5'), ('SE4', 'SE5', 'SE1', 'SE2'), ('SE4', 'SE5', 'SE1', 'SE3'), ('SE4', 'SE5', 'SE2', 'SE1'), ('SE4', 'SE5', 'SE2', 'SE4'), ('SE4', 'SE5', 'SE3', 'SE1'), ('SE4', 'SE5', 'SE3', 'SE4'), ('SE4', 'SE5', 'SE4', 'SE2'), ('SE4', 'SE5', 'SE4', 'SE3'), ('SE5', 'SE5', 'SE2', 'SE4'), ('SE5', 'SE5', 'SE3', 'SE4'), ('SE5', 'SE5', 'SE4', 'SE2'), ('SE5', 'SE5', 'SE4', 'SE3')]",0.7597153186798096
Task053.json,"[('SE1', 'SE5', 'SE8', 'SE6'), ('SE1', 'SE8', 'SE5', 'SE6'), ('SE4', 'SE5', 'SE8', 'SE6'), ('SE4', 'SE8', 'SE5', 'SE6'), ('SE5', 'SE5', 'SE8', 'SE6'), ('SE6', 'SE5', 'SE8', 'SE1'), ('SE6', 'SE5', 'SE8', 'SE4'), ('SE6', 'SE8', 'SE5', 'SE1'), ('SE6', 'SE8', 'SE5', 'SE4'), ('SE6', 'SE8', 'SE5', 'SE5')]",0.6963291168212891
Task080.json,"[('SE5', 'SE2', 'SE2', 'SE7'), ('SE5', 'SE2', 'SE3', 'SE7'), ('SE5', 'SE3', 'SE2', 'SE7'), ('SE5', 'SE3', 'SE3', 'SE7'), ('SE7', 'SE2', 'SE2', 'SE5'), ('SE7', 'SE2', 'SE3', 'SE5'), ('SE7', 'SE3', 'SE2', 'SE5'), ('SE7', 'SE3', 'SE3', 'SE5')]",0.6904058456420898
Task093.json,"[('SE1', 'SE2', 'SE6', 'SE8'), ('SE1', 'SE3', 'SE6', 'SE8'), ('SE1', 'SE6', 'SE2', 'SE8'), ('SE1', 'SE6', 'SE3', 'SE8'), ('SE2', 'SE1', 'SE6', 'SE8'), ('SE2', 'SE4', 'SE6', 'SE8'), ('SE2', 'SE6', 'SE1', 'SE8'), ('SE2', 'SE6', 'SE4', 'SE8'), ('SE3', 'SE1', 'SE6', 'SE8'), ('SE3', 'SE4', 'SE6', 'SE8'), ('SE3', 'SE6', 'SE1', 'SE8'), ('SE3', 'SE6', 'SE4', 'SE8'), ('SE4', 'SE2', 'SE6', 'SE8'), ('SE4', 'SE3', 'SE6', 'SE8'), ('SE4', 'SE6', 'SE2', 'SE8'), ('SE4', 'SE6', 'SE3', 'SE8'), ('SE8', 'SE1', 'SE6', 'SE2'), ('SE8', 'SE1', 'SE6', 'SE3'), ('SE8', 'SE2', 'SE6', 'SE1'), ('SE8', 'SE2', 'SE6', 'SE4'), ('SE8', 'SE3', 'SE6', 'SE1'), ('SE8', 'SE3', 'SE6', 'SE4'), ('SE8', 'SE4', 'SE6', 'SE2'), ('SE8', 'SE4', 'SE6', 'SE3'), ('SE8', 'SE6', 'SE1', 'SE2'), ('SE8', 'SE6', 'SE1', 'SE3'), ('SE8', 'SE6', 'SE2', 'SE1'), ('SE8', 'SE6', 'SE2', 'SE4'), ('SE8', 'SE6', 'SE3', 'SE1'), ('SE8', 'SE6', 'SE3', 'SE4'), ('SE8', 'SE6', 'SE4', 'SE2'), ('SE8', 'SE6', 'SE4', 'SE3')]",0.7038953304290771
Task099.json,"[('SE1', 'SE4', 'SE8', 'SE1'), ('SE1', 'SE4', 'SE8', 'SE4'), ('SE1', 'SE8', 'SE1', 'SE4'), ('SE1', 'SE8', 'SE4', 'SE1'), ('SE1', 'SE8', 'SE4', 'SE4'), ('SE4', 'SE1', 'SE8', 'SE1'), ('SE4', 'SE1', 'SE8', 'SE4'), ('SE4', 'SE4', 'SE8', 'SE1'), ('SE4', 'SE4', 'SE8', 'SE4'), ('SE4', 'SE8', 'SE1', 'SE1'), ('SE4', 'SE8', 'SE1', 'SE4'), ('SE4', 'SE8', 'SE4', 'SE1'), ('SE4', 'SE8', 'SE4', 'SE4')]",0.7706389427185059
Task083.json,"[('SE5', 'SE2', 'SE8', 'SE8'), ('SE5', 'SE3', 'SE8', 'SE8'), ('SE8', 'SE8', 'SE2', 'SE5'), ('SE8', 'SE8', 'SE3', 'SE5')]",0.7979001998901367
Task049.json,"[('SE6', 'SE2', 'SE7', 'SE8'), ('SE6', 'SE3', 'SE7', 'SE8'), ('SE6', 'SE7', 'SE2', 'SE8'), ('SE6', 'SE7', 'SE3', 'SE8')]",0.7400577068328857
Task022.json,"[('SE2', 'SE2', 'SE5', 'SE7'), ('SE2', 'SE3', 'SE5', 'SE7'), ('SE2', 'SE5', 'SE2', 'SE7'), ('SE2', 'SE5', 'SE3', 'SE7'), ('SE3', 'SE2', 'SE5', 'SE7'), ('SE3', 'SE3', 'SE5', 'SE7'), ('SE3', 'SE5', 'SE2', 'SE7'), ('SE3', 'SE5', 'SE3', 'SE7'), ('SE7', 'SE2', 'SE5', 'SE2'), ('SE7', 'SE2', 'SE5', 'SE3'), ('SE7', 'SE3', 'SE5', 'SE2'), ('SE7', 'SE3', 'SE5', 'SE3'), ('SE7', 'SE5', 'SE2', 'SE2'), ('SE7', 'SE5', 'SE2', 'SE3'), ('SE7', 'SE5', 'SE3', 'SE2'), ('SE7', 'SE5', 'SE3', 'SE3')]",0.7454824447631836
Task098.json,"[('SE6', 'SE8', 'SE7', 'SE8'), ('SE8', 'SE7', 'SE8', 'SE6')]",0.7377068996429443
Task013.json,"[('SE1', 'SE1', 'SE8', 'SE4'), ('SE1', 'SE4', 'SE8', 'SE1'), ('SE1', 'SE4', 'SE8', 'SE4'), ('SE1', 'SE4', 'SE8', 'SE8'), ('SE1', 'SE8', 'SE1', 'SE4'), ('SE1', 'SE8', 'SE4', 'SE1'), ('SE1', 'SE8', 'SE4', 'SE4'), ('SE4', 'SE1', 'SE8', 'SE1'), ('SE4', 'SE1', 'SE8', 'SE4'), ('SE4', 'SE1', 'SE8', 'SE8'), ('SE4', 'SE4', 'SE8', 'SE1'), ('SE4', 'SE4', 'SE8', 'SE4'), ('SE4', 'SE4', 'SE8', 'SE8'), ('SE4', 'SE8', 'SE1', 'SE1'), ('SE4', 'SE8', 'SE1', 'SE4'), ('SE4', 'SE8', 'SE4', 'SE1'), ('SE4', 'SE8', 'SE4', 'SE4'), ('SE8', 'SE8', 'SE1', 'SE4'), ('SE8', 'SE8', 'SE4', 'SE1'), ('SE8', 'SE8', 'SE4', 'SE4')]",0.8373332023620605
Task096.json,"[('SE1', 'SE6', 'SE7', 'SE6'), ('SE4', 'SE6', 'SE7', 'SE6'), ('SE6', 'SE1', 'SE7', 'SE6'), ('SE6', 'SE4', 'SE7', 'SE6'), ('SE6', 'SE7', 'SE1', 'SE6'), ('SE6', 'SE7', 'SE4', 'SE6'), ('SE6', 'SE7', 'SE6', 'SE1'), ('SE6', 'SE7', 'SE6', 'SE4')]",0.7310445308685303
Task084.json,"[('SE1', 'SE5', 'SE7', 'SE8'), ('SE1', 'SE7', 'SE5', 'SE8'), ('SE4', 'SE5', 'SE7', 'SE8'), ('SE4', 'SE7', 'SE5', 'SE8'), ('SE5', 'SE5', 'SE7', 'SE8'), ('SE8', 'SE5', 'SE7', 'SE1'), ('SE8', 'SE5', 'SE7', 'SE4'), ('SE8', 'SE7', 'SE5', 'SE1'), ('SE8', 'SE7', 'SE5', 'SE4'), ('SE8', 'SE7', 'SE5', 'SE5')]",0.7164804935455322
Task047.json,"[('SE1', 'SE7', 'SE8', 'SE6'), ('SE1', 'SE8', 'SE7', 'SE6'), ('SE4', 'SE7', 'SE8', 'SE6'), ('SE4', 'SE8', 'SE7', 'SE6'), ('SE6', 'SE7', 'SE8', 'SE1'), ('SE6', 'SE7', 'SE8', 'SE4'), ('SE6', 'SE8', 'SE7', 'SE1'), ('SE6', 'SE8', 'SE7', 'SE4')]",0.6891753673553467
Task029.json,"[('SE5', 'SE1', 'SE7', 'SE8'), ('SE5', 'SE4', 'SE7', 'SE8'), ('SE5', 'SE7', 'SE1', 'SE8'), ('SE5', 'SE7', 'SE4', 'SE8'), ('SE8', 'SE1', 'SE7', 'SE5'), ('SE8', 'SE4', 'SE7', 'SE5'), ('SE8', 'SE7', 'SE1', 'SE5'), ('SE8', 'SE7', 'SE4', 'SE5')]",0.7010290622711182
Task025.json,"[('SE1', 'SE5', 'SE6', 'SE4'), ('SE1', 'SE6', 'SE5', 'SE4'), ('SE4', 'SE5', 'SE6', 'SE1'), ('SE4', 'SE5', 'SE6', 'SE4'), ('SE4', 'SE6', 'SE5', 'SE1'), ('SE4', 'SE6', 'SE5', 'SE4')]",0.7191760540008545
Task042.json,"[('SE1', 'SE7', 'SE8', 'SE8'), ('SE1', 'SE8', 'SE7', 'SE7'), ('SE8', 'SE8', 'SE7', 'SE1')]",0.7012958526611328
Task055.json,"[('SE1', 'SE1', 'SE6', 'SE2'), ('SE1', 'SE1', 'SE6', 'SE3'), ('SE1', 'SE2', 'SE6', 'SE1'), ('SE1', 'SE3', 'SE6', 'SE1'), ('SE1', 'SE6', 'SE1', 'SE2'), ('SE1', 'SE6', 'SE1', 'SE3'), ('SE1', 'SE6', 'SE2', 'SE1'), ('SE1', 'SE6', 'SE3', 'SE1'), ('SE2', 'SE1', 'SE6', 'SE1'), ('SE2', 'SE6', 'SE1', 'SE1'), ('SE3', 'SE1', 'SE6', 'SE1'), ('SE3', 'SE6', 'SE1', 'SE1')]",0.7269587516784668
Task057.json,"[('SE1', 'SE8', 'SE8', 'SE7'), ('SE7', 'SE8', 'SE1', 'SE8'), ('SE7', 'SE8', 'SE8', 'SE1'), ('SE8', 'SE1', 'SE8', 'SE7')]",0.6870691776275635
Task005.json,"[('SE1', 'SE5', 'SE6', 'SE7'), ('SE1', 'SE6', 'SE5', 'SE7'), ('SE4', 'SE5', 'SE6', 'SE7'), ('SE4', 'SE6', 'SE5', 'SE7'), ('SE7', 'SE5', 'SE6', 'SE1'), ('SE7', 'SE5', 'SE6', 'SE4'), ('SE7', 'SE6', 'SE5', 'SE1'), ('SE7', 'SE6', 'SE5', 'SE4')]",0.8209013938903809
Task054.json,"[('SE4', 'SE6', 'SE6', 'SE8'), ('SE6', 'SE1', 'SE6', 'SE8'), ('SE6', 'SE4', 'SE6', 'SE8'), ('SE8', 'SE6', 'SE1', 'SE6'), ('SE8', 'SE6', 'SE4', 'SE6'), ('SE8', 'SE6', 'SE6', 'SE1'), ('SE8', 'SE6', 'SE6', 'SE4')]",0.7404720783233643
Task036.json,"[('SE2', 'SE5', 'SE6', 'SE2'), ('SE2', 'SE5', 'SE6', 'SE3'), ('SE2', 'SE5', 'SE6', 'SE6'), ('SE2', 'SE6', 'SE5', 'SE2'), ('SE2', 'SE6', 'SE5', 'SE3'), ('SE2', 'SE6', 'SE5', 'SE5'), ('SE3', 'SE5', 'SE6', 'SE2'), ('SE3', 'SE5', 'SE6', 'SE3'), ('SE3', 'SE5', 'SE6', 'SE6'), ('SE3', 'SE6', 'SE5', 'SE2'), ('SE3', 'SE6', 'SE5', 'SE3'), ('SE3', 'SE6', 'SE5', 'SE5'), ('SE5', 'SE5', 'SE6', 'SE2'), ('SE5', 'SE5', 'SE6', 'SE3'), ('SE6', 'SE6', 'SE5', 'SE2'), ('SE6', 'SE6', 'SE5', 'SE3')]",0.7468607425689697
Task066.json,"[('SE7', 'SE1', 'SE6', 'SE8'), ('SE7', 'SE4', 'SE6', 'SE8'), ('SE7', 'SE6', 'SE1', 'SE8'), ('SE7', 'SE6', 'SE4', 'SE8'), ('SE8', 'SE1', 'SE6', 'SE7'), ('SE8', 'SE4', 'SE6', 'SE7'), ('SE8', 'SE6', 'SE1', 'SE7'), ('SE8', 'SE6', 'SE4', 'SE7')]",1.036696434020996
Task069.json,"[('SE1', 'SE2', 'SE2', 'SE4'), ('SE1', 'SE2', 'SE3', 'SE4'), ('SE1', 'SE2', 'SE4', 'SE2'), ('SE1', 'SE2', 'SE4', 'SE3'), ('SE1', 'SE3', 'SE2', 'SE4'), ('SE1', 'SE3', 'SE3', 'SE4'), ('SE1', 'SE3', 'SE4', 'SE2'), ('SE1', 'SE3', 'SE4', 'SE3'), ('SE1', 'SE4', 'SE2', 'SE2'), ('SE1', 'SE4', 'SE2', 'SE3'), ('SE1', 'SE4', 'SE3', 'SE2'), ('SE1', 'SE4', 'SE3', 'SE3'), ('SE2', 'SE1', 'SE2', 'SE4'), ('SE2', 'SE1', 'SE3', 'SE4'), ('SE2', 'SE1', 'SE4', 'SE2'), ('SE2', 'SE1', 'SE4', 'SE3'), ('SE2', 'SE2', 'SE1', 'SE4'), ('SE2', 'SE2', 'SE4', 'SE1'), ('SE2', 'SE2', 'SE4', 'SE4'), ('SE2', 'SE3', 'SE1', 'SE4'), ('SE2', 'SE3', 'SE4', 'SE1'), ('SE2', 'SE3', 'SE4', 'SE4'), ('SE2', 'SE4', 'SE1', 'SE2'), ('SE2', 'SE4', 'SE1', 'SE3'), ('SE2', 'SE4', 'SE2', 'SE1'), ('SE2', 'SE4', 'SE2', 'SE4'), ('SE2', 'SE4', 'SE3', 'SE1'), ('SE2', 'SE4', 'SE3', 'SE4'), ('SE2', 'SE4', 'SE4', 'SE2'), ('SE2', 'SE4', 'SE4', 'SE3'), ('SE3', 'SE1', 'SE2', 'SE4'), ('SE3', 'SE1', 'SE3', 'SE4'), ('SE3', 'SE1', 'SE4', 'SE2'), ('SE3', 'SE1', 'SE4', 'SE3'), ('SE3', 'SE2', 'SE1', 'SE4'), ('SE3', 'SE2', 'SE4', 'SE1'), ('SE3', 'SE2', 'SE4', 'SE4'), ('SE3', 'SE3', 'SE1', 'SE4'), ('SE3', 'SE3', 'SE4', 'SE1'), ('SE3', 'SE3', 'SE4', 'SE4'), ('SE3', 'SE4', 'SE1', 'SE2'), ('SE3', 'SE4', 'SE1', 'SE3'), ('SE3', 'SE4', 'SE2', 'SE1'), ('SE3', 'SE4', 'SE2', 'SE4'), ('SE3', 'SE4', 'SE3', 'SE1'), ('SE3', 'SE4', 'SE3', 'SE4'), ('SE3', 'SE4', 'SE4', 'SE2'), ('SE3', 'SE4', 'SE4', 'SE3'), ('SE4', 'SE1', 'SE2', 'SE2'), ('SE4', 'SE1', 'SE2', 'SE3'), ('SE4', 'SE1', 'SE3', 'SE2'), ('SE4', 'SE1', 'SE3', 'SE3'), ('SE4', 'SE2', 'SE1', 'SE2'), ('SE4', 'SE2', 'SE1', 'SE3'), ('SE4', 'SE2', 'SE2', 'SE1'), ('SE4', 'SE2', 'SE2', 'SE4'), ('SE4', 'SE2', 'SE3', 'SE1'), ('SE4', 'SE2', 'SE3', 'SE4'), ('SE4', 'SE2', 'SE4', 'SE2'), ('SE4', 'SE2', 'SE4', 'SE3'), ('SE4', 'SE3', 'SE1', 'SE2'), ('SE4', 'SE3', 'SE1', 'SE3'), ('SE4', 'SE3', 'SE2', 'SE1'), ('SE4', 'SE3', 'SE2', 'SE4'), ('SE4', 'SE3', 'SE3', 'SE1'), ('SE4', 'SE3', 'SE3', 'SE4'), ('SE4', 'SE3', 'SE4', 'SE2'), ('SE4', 'SE3', 'SE4', 'SE3'), ('SE4', 'SE4', 'SE2', 'SE2'), ('SE4', 'SE4', 'SE2', 'SE3'), ('SE4', 'SE4', 'SE3', 'SE2'), ('SE4', 'SE4', 'SE3', 'SE3')]",0.7192580699920654
Task026.json,"[('SE2', 'SE5', 'SE7', 'SE7'), ('SE3', 'SE5', 'SE7', 'SE7'), ('SE7', 'SE7', 'SE5', 'SE2'), ('SE7', 'SE7', 'SE5', 'SE3')]",0.6876835823059082
Task067.json,"[('SE2', 'SE5', 'SE6', 'SE7'), ('SE2', 'SE6', 'SE5', 'SE7'), ('SE3', 'SE5', 'SE6', 'SE7'), ('SE3', 'SE6', 'SE5', 'SE7'), ('SE7', 'SE5', 'SE6', 'SE2'), ('SE7', 'SE5', 'SE6', 'SE3'), ('SE7', 'SE6', 'SE5', 'SE2'), ('SE7', 'SE6', 'SE5', 'SE3')]",0.6998229026794434
Task007.json,"[('SE2', 'SE2', 'SE6', 'SE5'), ('SE2', 'SE3', 'SE6', 'SE5'), ('SE2', 'SE6', 'SE2', 'SE5'), ('SE2', 'SE6', 'SE3', 'SE5'), ('SE3', 'SE2', 'SE6', 'SE5'), ('SE3', 'SE3', 'SE6', 'SE5'), ('SE3', 'SE6', 'SE2', 'SE5'), ('SE3', 'SE6', 'SE3', 'SE5'), ('SE5', 'SE2', 'SE6', 'SE2'), ('SE5', 'SE2', 'SE6', 'SE3'), ('SE5', 'SE3', 'SE6', 'SE2'), ('SE5', 'SE3', 'SE6', 'SE3'), ('SE5', 'SE6', 'SE2', 'SE2'), ('SE5', 'SE6', 'SE2', 'SE3'), ('SE5', 'SE6', 'SE3', 'SE2'), ('SE5', 'SE6', 'SE3', 'SE3')]",0.7569506168365479
Task003.json,"[('SE1', 'SE2', 'SE2', 'SE7'), ('SE1', 'SE2', 'SE3', 'SE7'), ('SE1', 'SE3', 'SE2', 'SE7'), ('SE1', 'SE3', 'SE3', 'SE7'), ('SE2', 'SE1', 'SE2', 'SE7'), ('SE2', 'SE1', 'SE3', 'SE7'), ('SE2', 'SE2', 'SE1', 'SE7'), ('SE2', 'SE2', 'SE4', 'SE7'), ('SE2', 'SE3', 'SE1', 'SE7'), ('SE2', 'SE3', 'SE4', 'SE7'), ('SE2', 'SE4', 'SE2', 'SE7'), ('SE2', 'SE4', 'SE3', 'SE7'), ('SE3', 'SE1', 'SE2', 'SE7'), ('SE3', 'SE1', 'SE3', 'SE7'), ('SE3', 'SE2', 'SE1', 'SE7'), ('SE3', 'SE2', 'SE4', 'SE7'), ('SE3', 'SE3', 'SE1', 'SE7'), ('SE3', 'SE3', 'SE4', 'SE7'), ('SE3', 'SE4', 'SE2', 'SE7'), ('SE3', 'SE4', 'SE3', 'SE7'), ('SE4', 'SE2', 'SE2', 'SE7'), ('SE4', 'SE2', 'SE3', 'SE7'), ('SE4', 'SE3', 'SE2', 'SE7'), ('SE4', 'SE3', 'SE3', 'SE7'), ('SE7', 'SE1', 'SE2', 'SE2'), ('SE7', 'SE1', 'SE2', 'SE3'), ('SE7', 'SE1', 'SE3', 'SE2'), ('SE7', 'SE1', 'SE3', 'SE3'), ('SE7', 'SE2', 'SE1', 'SE2'), ('SE7', 'SE2', 'SE1', 'SE3'), ('SE7', 'SE2', 'SE2', 'SE1'), ('SE7', 'SE2', 'SE2', 'SE4'), ('SE7', 'SE2', 'SE3', 'SE1'), ('SE7', 'SE2', 'SE3', 'SE4'), ('SE7', 'SE2', 'SE4', 'SE2'), ('SE7', 'SE2', 'SE4', 'SE3'), ('SE7', 'SE3', 'SE1', 'SE2'), ('SE7', 'SE3', 'SE1', 'SE3'), ('SE7', 'SE3', 'SE2', 'SE1'), ('SE7', 'SE3', 'SE2', 'SE4'), ('SE7', 'SE3', 'SE3', 'SE1'), ('SE7', 'SE3', 'SE3', 'SE4'), ('SE7', 'SE3', 'SE4', 'SE2'), ('SE7', 'SE3', 'SE4', 'SE3'), ('SE7', 'SE4', 'SE2', 'SE2'), ('SE7', 'SE4', 'SE2', 'SE3'), ('SE7', 'SE4', 'SE3', 'SE2'), ('SE7', 'SE4', 'SE3', 'SE3')]",0.7810618877410889
Task002.json,"[('SE2', 'SE6', 'SE7', 'SE7'), ('SE3', 'SE6', 'SE7', 'SE7'), ('SE7', 'SE7', 'SE6', 'SE2'), ('SE7', 'SE7', 'SE6', 'SE3')]",0.7033905982971191
Task073.json,"[('SE2', 'SE2', 'SE5', 'SE6'), ('SE2', 'SE3', 'SE5', 'SE6'), ('SE2', 'SE5', 'SE2', 'SE6'), ('SE2', 'SE5', 'SE3', 'SE6'), ('SE3', 'SE2', 'SE5', 'SE6'), ('SE3', 'SE3', 'SE5', 'SE6'), ('SE3', 'SE5', 'SE2', 'SE6'), ('SE3', 'SE5', 'SE3', 'SE6'), ('SE6', 'SE2', 'SE5', 'SE2'), ('SE6', 'SE2', 'SE5', 'SE3'), ('SE6', 'SE3', 'SE5', 'SE2'), ('SE6', 'SE3', 'SE5', 'SE3'), ('SE6', 'SE5', 'SE2', 'SE2'), ('SE6', 'SE5', 'SE2', 'SE3'), ('SE6', 'SE5', 'SE3', 'SE2'), ('SE6', 'SE5', 'SE3', 'SE3')]",0.7935998439788818
Task050.json,"[('SE1', 'SE1', 'SE8', 'SE5'), ('SE1', 'SE4', 'SE8', 'SE5'), ('SE1', 'SE8', 'SE1', 'SE5'), ('SE1', 'SE8', 'SE4', 'SE5'), ('SE4', 'SE1', 'SE8', 'SE5'), ('SE4', 'SE4', 'SE8', 'SE5'), ('SE4', 'SE8', 'SE1', 'SE5'), ('SE4', 'SE8', 'SE4', 'SE5'), ('SE5', 'SE1', 'SE8', 'SE1'), ('SE5', 'SE1', 'SE8', 'SE4'), ('SE5', 'SE1', 'SE8', 'SE8'), ('SE5', 'SE4', 'SE8', 'SE1'), ('SE5', 'SE4', 'SE8', 'SE4'), ('SE5', 'SE4', 'SE8', 'SE8'), ('SE5', 'SE8', 'SE1', 'SE1'), ('SE5', 'SE8', 'SE1', 'SE4'), ('SE5', 'SE8', 'SE4', 'SE1'), ('SE5', 'SE8', 'SE4', 'SE4'), ('SE8', 'SE8', 'SE1', 'SE5'), ('SE8', 'SE8', 'SE4', 'SE5')]",0.7430784702301025
Task039.json,"[('SE1', 'SE2', 'SE6', 'SE6'), ('SE1', 'SE3', 'SE6', 'SE6'), ('SE2', 'SE1', 'SE6', 'SE6'), ('SE3', 'SE1', 'SE6', 'SE6'), ('SE6', 'SE6', 'SE1', 'SE2'), ('SE6', 'SE6', 'SE1', 'SE3'), ('SE6', 'SE6', 'SE2', 'SE1'), ('SE6', 'SE6', 'SE3', 'SE1')]",0.6893618106842041
Task058.json,"[('SE1', 'SE2', 'SE7', 'SE6'), ('SE1', 'SE3', 'SE7', 'SE6'), ('SE1', 'SE7', 'SE2', 'SE6'), ('SE1', 'SE7', 'SE3', 'SE6'), ('SE2', 'SE1', 'SE7', 'SE6'), ('SE2', 'SE4', 'SE7', 'SE6'), ('SE2', 'SE7', 'SE1', 'SE6'), ('SE2', 'SE7', 'SE4', 'SE6'), ('SE3', 'SE1', 'SE7', 'SE6'), ('SE3', 'SE4', 'SE7', 'SE6'), ('SE3', 'SE7', 'SE1', 'SE6'), ('SE3', 'SE7', 'SE4', 'SE6'), ('SE4', 'SE2', 'SE7', 'SE6'), ('SE4', 'SE3', 'SE7', 'SE6'), ('SE4', 'SE7', 'SE2', 'SE6'), ('SE4', 'SE7', 'SE3', 'SE6'), ('SE6', 'SE1', 'SE7', 'SE2'), ('SE6', 'SE1', 'SE7', 'SE3'), ('SE6', 'SE2', 'SE7', 'SE1'), ('SE6', 'SE2', 'SE7', 'SE4'), ('SE6', 'SE3', 'SE7', 'SE1'), ('SE6', 'SE3', 'SE7', 'SE4'), ('SE6', 'SE4', 'SE7', 'SE2'), ('SE6', 'SE4', 'SE7', 'SE3'), ('SE6', 'SE7', 'SE1', 'SE2'), ('SE6', 'SE7', 'SE1', 'SE3'), ('SE6', 'SE7', 'SE2', 'SE1'), ('SE6', 'SE7', 'SE2', 'SE4'), ('SE6', 'SE7', 'SE3', 'SE1'), ('SE6', 'SE7', 'SE3', 'SE4'), ('SE6', 'SE7', 'SE4', 'SE2'), ('SE6', 'SE7', 'SE4', 'SE3')]",0.7275776863098145
Task061.json,"[('SE2', 'SE2', 'SE4', 'SE8'), ('SE2', 'SE3', 'SE4', 'SE8'), ('SE2', 'SE4', 'SE2', 'SE8'), ('SE2', 'SE4', 'SE3', 'SE8'), ('SE3', 'SE2', 'SE4', 'SE8'), ('SE3', 'SE3', 'SE4', 'SE8'), ('SE3', 'SE4', 'SE2', 'SE8'), ('SE3', 'SE4', 'SE3', 'SE8'), ('SE4', 'SE2', 'SE2', 'SE8'), ('SE4', 'SE2', 'SE3', 'SE8'), ('SE4', 'SE3', 'SE2', 'SE8'), ('SE4', 'SE3', 'SE3', 'SE8'), ('SE8', 'SE2', 'SE2', 'SE4'), ('SE8', 'SE2', 'SE3', 'SE4'), ('SE8', 'SE2', 'SE4', 'SE2'), ('SE8', 'SE2', 'SE4', 'SE3'), ('SE8', 'SE3', 'SE2', 'SE4'), ('SE8', 'SE3', 'SE3', 'SE4'), ('SE8', 'SE3', 'SE4', 'SE2'), ('SE8', 'SE3', 'SE4', 'SE3'), ('SE8', 'SE4', 'SE2', 'SE2'), ('SE8', 'SE4', 'SE2', 'SE3'), ('SE8', 'SE4', 'SE3', 'SE2'), ('SE8', 'SE4', 'SE3', 'SE3')]",0.7752623558044434
Task023.json,"[('SE2', 'SE7', 'SE8', 'SE7'), ('SE3', 'SE7', 'SE8', 'SE7'), ('SE7', 'SE2', 'SE8', 'SE7'), ('SE7', 'SE3', 'SE8', 'SE7'), ('SE7', 'SE8', 'SE2', 'SE7'), ('SE7', 'SE8', 'SE3', 'SE7'), ('SE7', 'SE8', 'SE7', 'SE2'), ('SE7', 'SE8', 'SE7', 'SE3')]",0.7194805145263672
Task034.json,"[('SE6', 'SE4', 'SE6', 'SE6'), ('SE6', 'SE6', 'SE4', 'SE6')]",0.6975436210632324
Task018.json,"[('SE6', 'SE1', 'SE2', 'SE7'), ('SE6', 'SE1', 'SE3', 'SE7'), ('SE6', 'SE2', 'SE1', 'SE7'), ('SE6', 'SE2', 'SE4', 'SE7'), ('SE6', 'SE3', 'SE1', 'SE7'), ('SE6', 'SE3', 'SE4', 'SE7'), ('SE6', 'SE4', 'SE2', 'SE7'), ('SE6', 'SE4', 'SE3', 'SE7'), ('SE7', 'SE1', 'SE2', 'SE6'), ('SE7', 'SE1', 'SE3', 'SE6'), ('SE7', 'SE2', 'SE1', 'SE6'), ('SE7', 'SE2', 'SE4', 'SE6'), ('SE7', 'SE3', 'SE1', 'SE6'), ('SE7', 'SE3', 'SE4', 'SE6'), ('SE7', 'SE4', 'SE2', 'SE6'), ('SE7', 'SE4', 'SE3', 'SE6')]",0.6911723613739014
Task033.json,"[('SE1', 'SE2', 'SE8', 'SE4'), ('SE1', 'SE3', 'SE8', 'SE4'), ('SE1', 'SE4', 'SE8', 'SE2'), ('SE1', 'SE4', 'SE8', 'SE3'), ('SE1', 'SE8', 'SE2', 'SE4'), ('SE1', 'SE8', 'SE3', 'SE4'), ('SE1', 'SE8', 'SE4', 'SE2'), ('SE1', 'SE8', 'SE4', 'SE3'), ('SE2', 'SE1', 'SE8', 'SE4'), ('SE2', 'SE4', 'SE8', 'SE1'), ('SE2', 'SE4', 'SE8', 'SE4'), ('SE2', 'SE8', 'SE1', 'SE4'), ('SE2', 'SE8', 'SE4', 'SE1'), ('SE2', 'SE8', 'SE4', 'SE4'), ('SE3', 'SE1', 'SE8', 'SE4'), ('SE3', 'SE4', 'SE8', 'SE1'), ('SE3', 'SE4', 'SE8', 'SE4'), ('SE3', 'SE8', 'SE1', 'SE4'), ('SE3', 'SE8', 'SE4', 'SE1'), ('SE3', 'SE8', 'SE4', 'SE4'), ('SE4', 'SE1', 'SE8', 'SE2'), ('SE4', 'SE1', 'SE8', 'SE3'), ('SE4', 'SE2', 'SE8', 'SE1'), ('SE4', 'SE2', 'SE8', 'SE4'), ('SE4', 'SE3', 'SE8', 'SE1'), ('SE4', 'SE3', 'SE8', 'SE4'), ('SE4', 'SE4', 'SE8', 'SE2'), ('SE4', 'SE4', 'SE8', 'SE3'), ('SE4', 'SE8', 'SE1', 'SE2'), ('SE4', 'SE8', 'SE1', 'SE3'), ('SE4', 'SE8', 'SE2', 'SE1'), ('SE4', 'SE8', 'SE2', 'SE4'), ('SE4', 'SE8', 'SE3', 'SE1'), ('SE4', 'SE8', 'SE3', 'SE4'), ('SE4', 'SE8', 'SE4', 'SE2'), ('SE4', 'SE8', 'SE4', 'SE3')]",0.744464635848999
Task037.json,"[('SE1', 'SE6', 'SE8', 'SE7'), ('SE1', 'SE8', 'SE6', 'SE7'), ('SE4', 'SE6', 'SE8', 'SE7'), ('SE4', 'SE8', 'SE6', 'SE7'), ('SE6', 'SE6', 'SE8', 'SE7'), ('SE7', 'SE6', 'SE8', 'SE1'), ('SE7', 'SE6', 'SE8', 'SE4'), ('SE7', 'SE8', 'SE6', 'SE1'), ('SE7', 'SE8', 'SE6', 'SE4'), ('SE7', 'SE8', 'SE6', 'SE6')]",0.705510139465332
Task089.json,"[('SE1', 'SE7', 'SE7', 'SE6'), ('SE4', 'SE7', 'SE7', 'SE6'), ('SE6', 'SE7', 'SE1', 'SE7'), ('SE6', 'SE7', 'SE4', 'SE7'), ('SE6', 'SE7', 'SE7', 'SE1'), ('SE6', 'SE7', 'SE7', 'SE4'), ('SE7', 'SE1', 'SE7', 'SE6'), ('SE7', 'SE4', 'SE7', 'SE6')]",0.6997485160827637
Task087.json,"[('SE1', 'SE2', 'SE4', 'SE6'), ('SE1', 'SE3', 'SE4', 'SE6'), ('SE1', 'SE4', 'SE2', 'SE6'), ('SE1', 'SE4', 'SE3', 'SE6'), ('SE2', 'SE1', 'SE4', 'SE6'), ('SE2', 'SE4', 'SE1', 'SE6'), ('SE2', 'SE4', 'SE4', 'SE6'), ('SE3', 'SE1', 'SE4', 'SE6'), ('SE3', 'SE4', 'SE1', 'SE6'), ('SE3', 'SE4', 'SE4', 'SE6'), ('SE4', 'SE1', 'SE2', 'SE6'), ('SE4', 'SE1', 'SE3', 'SE6'), ('SE4', 'SE2', 'SE1', 'SE6'), ('SE4', 'SE2', 'SE4', 'SE6'), ('SE4', 'SE3', 'SE1', 'SE6'), ('SE4', 'SE3', 'SE4', 'SE6'), ('SE4', 'SE4', 'SE2', 'SE6'), ('SE4', 'SE4', 'SE3', 'SE6'), ('SE6', 'SE1', 'SE2', 'SE4'), ('SE6', 'SE1', 'SE3', 'SE4'), ('SE6', 'SE1', 'SE4', 'SE2'), ('SE6', 'SE1', 'SE4', 'SE3'), ('SE6', 'SE2', 'SE1', 'SE4'), ('SE6', 'SE2', 'SE4', 'SE1'), ('SE6', 'SE2', 'SE4', 'SE4'), ('SE6', 'SE3', 'SE1', 'SE4'), ('SE6', 'SE3', 'SE4', 'SE1'), ('SE6', 'SE3', 'SE4', 'SE4'), ('SE6', 'SE4', 'SE1', 'SE2'), ('SE6', 'SE4', 'SE1', 'SE3'), ('SE6', 'SE4', 'SE2', 'SE1'), ('SE6', 'SE4', 'SE2', 'SE4'), ('SE6', 'SE4', 'SE3', 'SE1'), ('SE6', 'SE4', 'SE3', 'SE4'), ('SE6', 'SE4', 'SE4', 'SE2'), ('SE6', 'SE4', 'SE4', 'SE3')]",0.7588119506835938
Task040.json,"[('SE4', 'SE6', 'SE5', 'SE6'), ('SE6', 'SE4', 'SE5', 'SE6'), ('SE6', 'SE5', 'SE4', 'SE6'), ('SE6', 'SE5', 'SE6', 'SE4')]",0.7606542110443115
Task038.json,"[('SE1', 'SE5', 'SE7', 'SE8'), ('SE1', 'SE7', 'SE5', 'SE8'), ('SE4', 'SE5', 'SE7', 'SE8'), ('SE4', 'SE7', 'SE5', 'SE8'), ('SE7', 'SE7', 'SE5', 'SE8'), ('SE8', 'SE5', 'SE7', 'SE1'), ('SE8', 'SE5', 'SE7', 'SE4'), ('SE8', 'SE5', 'SE7', 'SE7'), ('SE8', 'SE7', 'SE5', 'SE1'), ('SE8', 'SE7', 'SE5', 'SE4')]",0.7651667594909668
Task006.json,"[('SE1', 'SE8', 'SE5', 'SE8'), ('SE4', 'SE8', 'SE5', 'SE8'), ('SE8', 'SE1', 'SE5', 'SE8'), ('SE8', 'SE4', 'SE5', 'SE8'), ('SE8', 'SE5', 'SE1', 'SE8'), ('SE8', 'SE5', 'SE4', 'SE8'), ('SE8', 'SE5', 'SE8', 'SE1'), ('SE8', 'SE5', 'SE8', 'SE4')]",0.7429976463317871
Task079.json,"[('SE1', 'SE4', 'SE5', 'SE6'), ('SE1', 'SE5', 'SE4', 'SE6'), ('SE4', 'SE1', 'SE5', 'SE6'), ('SE4', 'SE4', 'SE5', 'SE6'), ('SE4', 'SE5', 'SE1', 'SE6'), ('SE4', 'SE5', 'SE4', 'SE6'), ('SE5', 'SE5', 'SE4', 'SE6'), ('SE6', 'SE4', 'SE5', 'SE1'), ('SE6', 'SE4', 'SE5', 'SE4'), ('SE6', 'SE4', 'SE5', 'SE5'), ('SE6', 'SE5', 'SE1', 'SE4'), ('SE6', 'SE5', 'SE4', 'SE1'), ('SE6', 'SE5', 'SE4', 'SE4')]",0.7586662769317627
Task092.json,"[('SE2', 'SE4', 'SE6', 'SE5'), ('SE2', 'SE6', 'SE4', 'SE5'), ('SE3', 'SE4', 'SE6', 'SE5'), ('SE3', 'SE6', 'SE4', 'SE5'), ('SE4', 'SE2', 'SE6', 'SE5'), ('SE4', 'SE3', 'SE6', 'SE5'), ('SE4', 'SE6', 'SE2', 'SE5'), ('SE4', 'SE6', 'SE3', 'SE5'), ('SE5', 'SE2', 'SE6', 'SE4'), ('SE5', 'SE2', 'SE6', 'SE6'), ('SE5', 'SE3', 'SE6', 'SE4'), ('SE5', 'SE3', 'SE6', 'SE6'), ('SE5', 'SE6', 'SE2', 'SE4'), ('SE5', 'SE6', 'SE3', 'SE4'), ('SE5', 'SE6', 'SE4', 'SE2'), ('SE5', 'SE6', 'SE4', 'SE3'), ('SE6', 'SE6', 'SE2', 'SE5'), ('SE6', 'SE6', 'SE3', 'SE5')]",0.7350215911865234
Task082.json,"[('SE1', 'SE2', 'SE7', 'SE2'), ('SE1', 'SE2', 'SE7', 'SE3'), ('SE1', 'SE3', 'SE7', 'SE2'), ('SE1', 'SE3', 'SE7', 'SE3'), ('SE1', 'SE7', 'SE2', 'SE2'), ('SE1', 'SE7', 'SE2', 'SE3'), ('SE1', 'SE7', 'SE3', 'SE2'), ('SE1', 'SE7', 'SE3', 'SE3'), ('SE2', 'SE1', 'SE7', 'SE2'), ('SE2', 'SE1', 'SE7', 'SE3'), ('SE2', 'SE2', 'SE7', 'SE1'), ('SE2', 'SE3', 'SE7', 'SE1'), ('SE2', 'SE7', 'SE1', 'SE2'), ('SE2', 'SE7', 'SE1', 'SE3'), ('SE2', 'SE7', 'SE2', 'SE1'), ('SE2', 'SE7', 'SE3', 'SE1'), ('SE3', 'SE1', 'SE7', 'SE2'), ('SE3', 'SE1', 'SE7', 'SE3'), ('SE3', 'SE2', 'SE7', 'SE1'), ('SE3', 'SE3', 'SE7', 'SE1'), ('SE3', 'SE7', 'SE1', 'SE2'), ('SE3', 'SE7', 'SE1', 'SE3'), ('SE3', 'SE7', 'SE2', 'SE1'), ('SE3', 'SE7', 'SE3', 'SE1')]",0.7428405284881592
Task094.json,"[('SE1', 'SE2', 'SE4', 'SE5'), ('SE1', 'SE3', 'SE4', 'SE5'), ('SE1', 'SE4', 'SE2', 'SE5'), ('SE1', 'SE4', 'SE3', 'SE5'), ('SE2', 'SE1', 'SE4', 'SE5'), ('SE2', 'SE4', 'SE1', 'SE5'), ('SE2', 'SE4', 'SE4', 'SE5'), ('SE3', 'SE1', 'SE4', 'SE5'), ('SE3', 'SE4', 'SE1', 'SE5'), ('SE3', 'SE4', 'SE4', 'SE5'), ('SE4', 'SE1', 'SE2', 'SE5'), ('SE4', 'SE1', 'SE3', 'SE5'), ('SE4', 'SE2', 'SE1', 'SE5'), ('SE4', 'SE2', 'SE4', 'SE5'), ('SE4', 'SE3', 'SE1', 'SE5'), ('SE4', 'SE3', 'SE4', 'SE5'), ('SE4', 'SE4', 'SE2', 'SE5'), ('SE4', 'SE4', 'SE3', 'SE5'), ('SE5', 'SE1', 'SE2', 'SE4'), ('SE5', 'SE1', 'SE3', 'SE4'), ('SE5', 'SE1', 'SE4', 'SE2'), ('SE5', 'SE1', 'SE4', 'SE3'), ('SE5', 'SE2', 'SE1', 'SE4'), ('SE5', 'SE2', 'SE4', 'SE1'), ('SE5', 'SE2', 'SE4', 'SE4'), ('SE5', 'SE3', 'SE1', 'SE4'), ('SE5', 'SE3', 'SE4', 'SE1'), ('SE5', 'SE3', 'SE4', 'SE4'), ('SE5', 'SE4', 'SE1', 'SE2'), ('SE5', 'SE4', 'SE1', 'SE3'), ('SE5', 'SE4', 'SE2', 'SE1'), ('SE5', 'SE4', 'SE2', 'SE4'), ('SE5', 'SE4', 'SE3', 'SE1'), ('SE5', 'SE4', 'SE3', 'SE4'), ('SE5', 'SE4', 'SE4', 'SE2'), ('SE5', 'SE4', 'SE4', 'SE3')]",0.7819759845733643
Task059.json,"[('SE1', 'SE1', 'SE7', 'SE6'), ('SE1', 'SE4', 'SE7', 'SE6'), ('SE1', 'SE7', 'SE1', 'SE6'), ('SE1', 'SE7', 'SE4', 'SE6'), ('SE4', 'SE1', 'SE7', 'SE6'), ('SE4', 'SE4', 'SE7', 'SE6'), ('SE4', 'SE7', 'SE1', 'SE6'), ('SE4', 'SE7', 'SE4', 'SE6'), ('SE6', 'SE1', 'SE7', 'SE1'), ('SE6', 'SE1', 'SE7', 'SE4'), ('SE6', 'SE1', 'SE7', 'SE7'), ('SE6', 'SE4', 'SE7', 'SE1'), ('SE6', 'SE4', 'SE7', 'SE4'), ('SE6', 'SE4', 'SE7', 'SE7'), ('SE6', 'SE7', 'SE1', 'SE1'), ('SE6', 'SE7', 'SE1', 'SE4'), ('SE6', 'SE7', 'SE4', 'SE1'), ('SE6', 'SE7', 'SE4', 'SE4'), ('SE7', 'SE7', 'SE1', 'SE6'), ('SE7', 'SE7', 'SE4', 'SE6')]",0.7334234714508057
Task085.json,"[('SE2', 'SE6', 'SE7', 'SE6'), ('SE3', 'SE6', 'SE7', 'SE6'), ('SE6', 'SE2', 'SE7', 'SE6'), ('SE6', 'SE3', 'SE7', 'SE6'), ('SE6', 'SE7', 'SE2', 'SE6'), ('SE6', 'SE7', 'SE3', 'SE6'), ('SE6', 'SE7', 'SE6', 'SE2'), ('SE6', 'SE7', 'SE6', 'SE3')]",0.6827006340026855
Task091.json,"[('SE6', 'SE1', 'SE1', 'SE8'), ('SE6', 'SE1', 'SE4', 'SE8'), ('SE6', 'SE4', 'SE1', 'SE8'), ('SE6', 'SE4', 'SE4', 'SE8'), ('SE8', 'SE1', 'SE1', 'SE6'), ('SE8', 'SE1', 'SE4', 'SE6'), ('SE8', 'SE4', 'SE1', 'SE6'), ('SE8', 'SE4', 'SE4', 'SE6')]",0.6852004528045654
Task009.json,"[('SE7', 'SE1', 'SE7', 'SE7'), ('SE7', 'SE7', 'SE1', 'SE7')]",0.6878201961517334
Task041.json,"[('SE1', 'SE2', 'SE6', 'SE2'), ('SE1', 'SE2', 'SE6', 'SE3'), ('SE1', 'SE3', 'SE6', 'SE2'), ('SE1', 'SE3', 'SE6', 'SE3'), ('SE1', 'SE6', 'SE2', 'SE2'), ('SE1', 'SE6', 'SE2', 'SE3'), ('SE1', 'SE6', 'SE3', 'SE2'), ('SE1', 'SE6', 'SE3', 'SE3'), ('SE2', 'SE1', 'SE6', 'SE2'), ('SE2', 'SE1', 'SE6', 'SE3'), ('SE2', 'SE2', 'SE6', 'SE1'), ('SE2', 'SE2', 'SE6', 'SE6'), ('SE2', 'SE3', 'SE6', 'SE1'), ('SE2', 'SE3', 'SE6', 'SE6'), ('SE2', 'SE6', 'SE1', 'SE2'), ('SE2', 'SE6', 'SE1', 'SE3'), ('SE2', 'SE6', 'SE2', 'SE1'), ('SE2', 'SE6', 'SE3', 'SE1'), ('SE3', 'SE1', 'SE6', 'SE2'), ('SE3', 'SE1', 'SE6', 'SE3'), ('SE3', 'SE2', 'SE6', 'SE1'), ('SE3', 'SE2', 'SE6', 'SE6'), ('SE3', 'SE3', 'SE6', 'SE1'), ('SE3', 'SE3', 'SE6', 'SE6'), ('SE3', 'SE6', 'SE1', 'SE2'), ('SE3', 'SE6', 'SE1', 'SE3'), ('SE3', 'SE6', 'SE2', 'SE1'), ('SE3', 'SE6', 'SE3', 'SE1')]",0.707252025604248
Task064.json,"[('SE5', 'SE1', 'SE1', 'SE7'), ('SE5', 'SE1', 'SE4', 'SE7'), ('SE5', 'SE4', 'SE1', 'SE7'), ('SE5', 'SE4', 'SE4', 'SE7'), ('SE7', 'SE1', 'SE1', 'SE5'), ('SE7', 'SE1', 'SE4', 'SE5'), ('SE7', 'SE4', 'SE1', 'SE5'), ('SE7', 'SE4', 'SE4', 'SE5')]",0.6891124248504639
Task088.json,"[('SE1', 'SE5', 'SE8', 'SE6'), ('SE1', 'SE8', 'SE5', 'SE6'), ('SE4', 'SE5', 'SE8', 'SE6'), ('SE4', 'SE8', 'SE5', 'SE6'), ('SE6', 'SE5', 'SE8', 'SE1'), ('SE6', 'SE5', 'SE8', 'SE4'), ('SE6', 'SE5', 'SE8', 'SE8'), ('SE6', 'SE8', 'SE5', 'SE1'), ('SE6', 'SE8', 'SE5', 'SE4'), ('SE8', 'SE8', 'SE5', 'SE6')]",0.6909632682800293
