task_id,time_taken,solution
Task000,0.257,"[[0, 1, ""Dilation"", ""SE4""], [0, 1, ""Dilation"", ""SE5""], [0, 1, ""Erosion"", ""SE4""], [0, 1, ""Erosion"", ""SE5""], [0, 4, ""Dilation"", ""SE6""], [0, 4, ""Erosion"", ""SE6""], [1, 1, ""Dilation"", ""SE1""], [1, 1, ""Dilation"", ""SE6""], [1, 1, ""Erosion"", ""SE1""], [1, 1, ""Erosion"", ""SE6""], [1, 4, ""Dilation"", ""SE6""], [1, 4, ""Erosion"", ""SE6""], [2, 1, ""Dilation"", ""SE2""], [2, 1, ""Dilation"", ""SE5""], [2, 1, ""Erosion"", ""SE2""], [2, 1, ""Erosion"", ""SE5""], [2, 4, ""Dilation"", ""SE6""], [2, 4, ""Erosion"", ""SE6""]]"
Task001,0.1052,"[[0, 1, ""Dilation"", ""SE1""], [0, 1, ""Dilation"", ""SE4""], [0, 1, ""Erosion"", ""SE1""], [0, 1, ""Erosion"", ""SE4""], [0, 3, ""Dilation"", ""SE3""], [0, 3, ""Erosion"", ""SE3""], [1, 1, ""Dilation"", ""SE2""], [1, 1, ""Dilation"", ""SE7""], [1, 1, ""Erosion"", ""SE2""], [1, 1, ""Erosion"", ""SE7""], [1, 3, ""Dilation"", ""SE3""], [1, 3, ""Erosion"", ""SE3""], [2, 1, ""Dilation"", ""SE1""], [2, 1, ""Dilation"", ""SE4""], [2, 1, ""Erosion"", ""SE1""], [2, 1, ""Erosion"", ""SE4""], [2, 3, ""Dilation"", ""SE3""], [2, 3, ""Erosion"", ""SE3""]]"
Task002,0.0597,"[[0, 1, ""Dilation"", ""SE1""], [0, 1, ""Dilation"", ""SE1""], [0, 1, ""Erosion"", ""SE1""], [0, 1, ""Erosion"", ""SE1""], [0, 3, ""Dilation"", ""SE2""], [0, 3, ""Erosion"", ""SE2""], [1, 1, ""Dilation"", ""SE2""], [1, 1, ""Dilation"", ""SE5""], [1, 1, ""Erosion"", ""SE2""], [1, 1, ""Erosion"", ""SE5""], [1, 3, ""Dilation"", ""SE2""], [1, 3, ""Erosion"", ""SE2""], [2, 1, ""Dilation"", ""SE6""], [2, 1, ""Dilation"", ""SE7""], [2, 1, ""Erosion"", ""SE6""], [2, 1, ""Erosion"", ""SE7""], [2, 3, ""Dilation"", ""SE2""], [2, 3, ""Erosion"", ""SE2""]]"
Task003,0.1353,"[[0, 1, ""Dilation"", ""SE1""], [0, 1, ""Dilation"", ""SE6""], [0, 1, ""Erosion"", ""SE1""], [0, 1, ""Erosion"", ""SE6""], [0, 3, ""Dilation"", ""SE4""], [0, 3, ""Erosion"", ""SE4""], [1, 1, ""Dilation"", ""SE1""], [1, 1, ""Dilation"", ""SE1""], [1, 1, ""Erosion"", ""SE1""], [1, 1, ""Erosion"", ""SE1""], [1, 3, ""Dilation"", ""SE4""], [1, 3, ""Erosion"", ""SE4""], [2, 1, ""Dilation"", ""SE1""], [2, 1, ""Dilation"", ""SE5""], [2, 1, ""Erosion"", ""SE1""], [2, 1, ""Erosion"", ""SE5""], [2, 3, ""Dilation"", ""SE4""], [2, 3, ""Erosion"", ""SE4""]]"
Task004,0.4296,"[[0, 1, ""Dilation"", ""SE2""], [0, 1, ""Dilation"", ""SE5""], [0, 1, ""Erosion"", ""SE2""], [0, 1, ""Erosion"", ""SE5""], [0, 3, ""Dilation"", ""SE8""], [0, 3, ""Erosion"", ""SE8""], [1, 1, ""Dilation"", ""SE1""], [1, 1, ""Dilation"", ""SE2""], [1, 1, ""Erosion"", ""SE1""], [1, 1, ""Erosion"", ""SE2""], [1, 3, ""Dilation"", ""SE8""], [1, 3, ""Erosion"", ""SE8""], [2, 1, ""Dilation"", ""SE1""], [2, 1, ""Dilation"", ""SE4""], [2, 1, ""Erosion"", ""SE1""], [2, 1, ""Erosion"", ""SE4""], [2, 3, ""Dilation"", ""SE8""], [2, 3, ""Erosion"", ""SE8""]]"
Task005,0.0224,"[[0, 1, ""Dilation"", ""SE1""], [0, 1, ""Dilation"", ""SE4""], [0, 1, ""Erosion"", ""SE1""], [0, 1, ""Erosion"", ""SE4""], [0, 3, ""Dilation"", ""SE1""], [0, 3, ""Erosion"", ""SE1""], [1, 1, ""Dilation"", ""SE1""], [1, 1, ""Dilation"", ""SE4""], [1, 1, ""Erosion"", ""SE1""], [1, 1, ""Erosion"", ""SE4""], [1, 3, ""Dilation"", ""SE1""], [1, 3, ""Erosion"", ""SE1""], [2, 1, ""Dilation"", ""SE1""], [2, 1, ""Dilation"", ""SE4""], [2, 1, ""Erosion"", ""SE1""], [2, 1, ""Erosion"", ""SE4""], [2, 3, ""Dilation"", ""SE1""], [2, 3, ""Erosion"", ""SE1""]]"
Task006,0.0101,"[[0, 1, ""Dilation"", ""SE1""], [0, 1, ""Dilation"", ""SE7""], [0, 1, ""Erosion"", ""SE1""], [0, 1, ""Erosion"", ""SE7""], [0, 2, ""Dilation"", ""SE1""], [0, 2, ""Erosion"", ""SE1""], [1, 1, ""Dilation"", ""SE1""], [1, 1, ""Dilation"", ""SE5""], [1, 1, ""Erosion"", ""SE1""], [1, 1, ""Erosion"", ""SE5""], [1, 2, ""Dilation"", ""SE1""], [1, 2, ""Erosion"", ""SE1""], [2, 1, ""Dilation"", ""SE1""], [2, 1, ""Dilation"", ""SE4""], [2, 1, ""Erosion"", ""SE1""], [2, 1, ""Erosion"", ""SE4""], [2, 2, ""Dilation"", ""SE1""], [2, 2, ""Erosion"", ""SE1""]]"
Task007,0.1107,"[[0, 1, ""Dilation"", ""SE1""], [0, 1, ""Dilation"", ""SE3""], [0, 1, ""Erosion"", ""SE1""], [0, 1, ""Erosion"", ""SE3""], [0, 3, ""Dilation"", ""SE4""], [0, 3, ""Erosion"", ""SE4""], [1, 1, ""Dilation"", ""SE2""], [1, 1, ""Dilation"", ""SE2""], [1, 1, ""Erosion"", ""SE2""], [1, 1, ""Erosion"", ""SE2""], [1, 3, ""Dilation"", ""SE4""], [1, 3, ""Erosion"", ""SE4""], [2, 1, ""Dilation"", ""SE2""], [2, 1, ""Dilation"", ""SE5""], [2, 1, ""Erosion"", ""SE2""], [2, 1, ""Erosion"", ""SE5""], [2, 3, ""Dilation"", ""SE4""], [2, 3, ""Erosion"", ""SE4""]]"
Task008,0.2393,"[[0, 1, ""Dilation"", ""SE5""], [0, 1, ""Dilation"", ""SE8""], [0, 1, ""Erosion"", ""SE5""], [0, 1, ""Erosion"", ""SE8""], [0, 3, ""Dilation"", ""SE8""], [0, 3, ""Erosion"", ""SE8""], [1, 1, ""Dilation"", ""SE2""], [1, 1, ""Dilation"", ""SE4""], [1, 1, ""Erosion"", ""SE2""], [1, 1, ""Erosion"", ""SE4""], [1, 3, ""Dilation"", ""SE8""], [1, 3, ""Erosion"", ""SE8""], [2, 1, ""Dilation"", ""SE1""], [2, 1, ""Dilation"", ""SE4""], [2, 1, ""Erosion"", ""SE1""], [2, 1, ""Erosion"", ""SE4""], [2, 3, ""Dilation"", ""SE8""], [2, 3, ""Erosion"", ""SE8""]]"
Task009,0.2277,"[[0, 1, ""Dilation"", ""SE2""], [0, 1, ""Dilation"", ""SE4""], [0, 1, ""Erosion"", ""SE2""], [0, 1, ""Erosion"", ""SE4""], [0, 2, ""Dilation"", ""SE7""], [0, 2, ""Erosion"", ""SE7""], [1, 1, ""Dilation"", ""SE5""], [1, 1, ""Dilation"", ""SE5""], [1, 1, ""Erosion"", ""SE5""], [1, 1, ""Erosion"", ""SE5""], [1, 2, ""Dilation"", ""SE7""], [1, 2, ""Erosion"", ""SE7""], [2, 1, ""Dilation"", ""SE2""], [2, 1, ""Dilation"", ""SE2""], [2, 1, ""Erosion"", ""SE2""], [2, 1, ""Erosion"", ""SE2""], [2, 2, ""Dilation"", ""SE7""], [2, 2, ""Erosion"", ""SE7""]]"
Task010,0.0202,"[[0, 1, ""Dilation"", ""SE2""], [0, 1, ""Dilation"", ""SE8""], [0, 1, ""Erosion"", ""SE2""], [0, 1, ""Erosion"", ""SE8""], [0, 2, ""Dilation"", ""SE1""], [0, 2, ""Erosion"", ""SE1""], [1, 1, ""Dilation"", ""SE2""], [1, 1, ""Dilation"", ""SE7""], [1, 1, ""Erosion"", ""SE2""], [1, 1, ""Erosion"", ""SE7""], [1, 2, ""Dilation"", ""SE1""], [1, 2, ""Erosion"", ""SE1""], [2, 1, ""Dilation"", ""SE7""], [2, 1, ""Dilation"", ""SE7""], [2, 1, ""Erosion"", ""SE7""], [2, 1, ""Erosion"", ""SE7""], [2, 2, ""Dilation"", ""SE1""], [2, 2, ""Erosion"", ""SE1""]]"
Task011,0.2165,"[[0, 1, ""Dilation"", ""SE1""], [0, 1, ""Dilation"", ""SE8""], [0, 1, ""Erosion"", ""SE1""], [0, 1, ""Erosion"", ""SE8""], [0, 3, ""Dilation"", ""SE7""], [0, 3, ""Erosion"", ""SE7""], [1, 1, ""Dilation"", ""SE2""], [1, 1, ""Dilation"", ""SE7""], [1, 1, ""Erosion"", ""SE2""], [1, 1, ""Erosion"", ""SE7""], [1, 3, ""Dilation"", ""SE7""], [1, 3, ""Erosion"", ""SE7""], [2, 1, ""Dilation"", ""SE2""], [2, 1, ""Dilation"", ""SE8""], [2, 1, ""Erosion"", ""SE2""], [2, 1, ""Erosion"", ""SE8""], [2, 3, ""Dilation"", ""SE7""], [2, 3, ""Erosion"", ""SE7""]]"
Task012,0.2145,"[[0, 1, ""Dilation"", ""SE1""], [0, 1, ""Dilation"", ""SE5""], [0, 1, ""Erosion"", ""SE1""], [0, 1, ""Erosion"", ""SE5""], [0, 3, ""Dilation"", ""SE7""], [0, 3, ""Erosion"", ""SE7""], [1, 1, ""Dilation"", ""SE2""], [1, 1, ""Dilation"", ""SE4""], [1, 1, ""Erosion"", ""SE2""], [1, 1, ""Erosion"", ""SE4""], [1, 3, ""Dilation"", ""SE7""], [1, 3, ""Erosion"", ""SE7""], [2, 1, ""Dilation"", ""SE1""], [2, 1, ""Dilation"", ""SE4""], [2, 1, ""Erosion"", ""SE1""], [2, 1, ""Erosion"", ""SE4""], [2, 3, ""Dilation"", ""SE7""], [2, 3, ""Erosion"", ""SE7""]]"
Task013,0.0602,"[[0, 1, ""Dilation"", ""SE1""], [0, 1, ""Dilation"", ""SE1""], [0, 1, ""Erosion"", ""SE1""], [0, 1, ""Erosion"", ""SE1""], [0, 4, ""Dilation"", ""SE2""], [0, 4, ""Erosion"", ""SE2""], [1, 1, ""Dilation"", ""SE2""], [1, 1, ""Dilation"", ""SE4""], [1, 1, ""Erosion"", ""SE2""], [1, 1, ""Erosion"", ""SE4""], [1, 4, ""Dilation"", ""SE2""], [1, 4, ""Erosion"", ""SE2""], [2, 1, ""Dilation"", ""SE1""], [2, 1, ""Dilation"", ""SE8""], [2, 1, ""Erosion"", ""SE1""], [2, 1, ""Erosion"", ""SE8""], [2, 4, ""Dilation"", ""SE2""], [2, 4, ""Erosion"", ""SE2""]]"
Task014,0.1124,"[[0, 1, ""Dilation"", ""SE5""], [0, 1, ""Dilation"", ""SE7""], [0, 1, ""Erosion"", ""SE5""], [0, 1, ""Erosion"", ""SE7""], [0, 3, ""Dilation"", ""SE3""], [0, 3, ""Erosion"", ""SE3""], [1, 1, ""Dilation"", ""SE2""], [1, 1, ""Dilation"", ""SE8""], [1, 1, ""Erosion"", ""SE2""], [1, 1, ""Erosion"", ""SE8""], [1, 3, ""Dilation"", ""SE3""], [1, 3, ""Erosion"", ""SE3""], [2, 1, ""Dilation"", ""SE2""], [2, 1, ""Dilation"", ""SE4""], [2, 1, ""Erosion"", ""SE2""], [2, 1, ""Erosion"", ""SE4""], [2, 3, ""Dilation"", ""SE3""], [2, 3, ""Erosion"", ""SE3""]]"
Task015,0.046,"[[0, 1, ""Dilation"", ""SE5""], [0, 1, ""Dilation"", ""SE5""], [0, 1, ""Erosion"", ""SE5""], [0, 1, ""Erosion"", ""SE5""], [0, 2, ""Dilation"", ""SE2""], [0, 2, ""Erosion"", ""SE2""], [1, 1, ""Dilation"", ""SE1""], [1, 1, ""Dilation"", ""SE4""], [1, 1, ""Erosion"", ""SE1""], [1, 1, ""Erosion"", ""SE4""], [1, 2, ""Dilation"", ""SE2""], [1, 2, ""Erosion"", ""SE2""], [2, 1, ""Dilation"", ""SE2""], [2, 1, ""Dilation"", ""SE2""], [2, 1, ""Erosion"", ""SE2""], [2, 1, ""Erosion"", ""SE2""], [2, 2, ""Dilation"", ""SE2""], [2, 2, ""Erosion"", ""SE2""]]"
Task016,0.0219,"[[0, 1, ""Dilation"", ""SE5""], [0, 1, ""Dilation"", ""SE7""], [0, 1, ""Erosion"", ""SE5""], [0, 1, ""Erosion"", ""SE7""], [0, 3, ""Dilation"", ""SE1""], [0, 3, ""Erosion"", ""SE1""], [1, 1, ""Dilation"", ""SE1""], [1, 1, ""Dilation"", ""SE1""], [1, 1, ""Erosion"", ""SE1""], [1, 1, ""Erosion"", ""SE1""], [1, 3, ""Dilation"", ""SE1""], [1, 3, ""Erosion"", ""SE1""], [2, 1, ""Dilation"", ""SE1""], [2, 1, ""Dilation"", ""SE4""], [2, 1, ""Erosion"", ""SE1""], [2, 1, ""Erosion"", ""SE4""], [2, 3, ""Dilation"", ""SE1""], [2, 3, ""Erosion"", ""SE1""]]"
Task017,0.149,"[[0, 1, ""Dilation"", ""SE1""], [0, 1, ""Dilation"", ""SE1""], [0, 1, ""Erosion"", ""SE1""], [0, 1, ""Erosion"", ""SE1""], [0, 3, ""Dilation"", ""SE5""], [0, 3, ""Erosion"", ""SE5""], [1, 1, ""Dilation"", ""SE1""], [1, 1, ""Dilation"", ""SE3""], [1, 1, ""Erosion"", ""SE1""], [1, 1, ""Erosion"", ""SE3""], [1, 3, ""Dilation"", ""SE5""], [1, 3, ""Erosion"", ""SE5""], [2, 1, ""Dilation"", ""SE2""], [2, 1, ""Dilation"", ""SE4""], [2, 1, ""Erosion"", ""SE2""], [2, 1, ""Erosion"", ""SE4""], [2, 3, ""Dilation"", ""SE5""], [2, 3, ""Erosion"", ""SE5""]]"
Task018,0.1978,"[[0, 1, ""Dilation"", ""SE2""], [0, 1, ""Dilation"", ""SE6""], [0, 1, ""Erosion"", ""SE2""], [0, 1, ""Erosion"", ""SE6""], [0, 2, ""Dilation"", ""SE6""], [0, 2, ""Erosion"", ""SE6""], [1, 1, ""Dilation"", ""SE2""], [1, 1, ""Dilation"", ""SE2""], [1, 1, ""Erosion"", ""SE2""], [1, 1, ""Erosion"", ""SE2""], [1, 2, ""Dilation"", ""SE6""], [1, 2, ""Erosion"", ""SE6""], [2, 1, ""Dilation"", ""SE7""], [2, 1, ""Dilation"", ""SE5""], [2, 1, ""Erosion"", ""SE7""], [2, 1, ""Erosion"", ""SE5""], [2, 2, ""Dilation"", ""SE6""], [2, 2, ""Erosion"", ""SE6""]]"
Task019,0.3412,"[[0, 1, ""Dilation"", ""SE4""], [0, 1, ""Dilation"", ""SE5""], [0, 1, ""Erosion"", ""SE4""], [0, 1, ""Erosion"", ""SE5""], [0, 2, ""Dilation"", ""SE7""], [0, 2, ""Erosion"", ""SE7""], [1, 1, ""Dilation"", ""SE5""], [1, 1, ""Dilation"", ""SE5""], [1, 1, ""Erosion"", ""SE5""], [1, 1, ""Erosion"", ""SE5""], [1, 2, ""Dilation"", ""SE7""], [1, 2, ""Erosion"", ""SE7""], [2, 1, ""Dilation"", ""SE2""], [2, 1, ""Dilation"", ""SE2""], [2, 1, ""Erosion"", ""SE2""], [2, 1, ""Erosion"", ""SE2""], [2, 2, ""Dilation"", ""SE7""], [2, 2, ""Erosion"", ""SE7""]]"
Task020,0.0248,"[[0, 1, ""Dilation"", ""SE2""], [0, 1, ""Dilation"", ""SE2""], [0, 1, ""Erosion"", ""SE2""], [0, 1, ""Erosion"", ""SE2""], [0, 3, ""Dilation"", ""SE1""], [0, 3, ""Erosion"", ""SE1""], [1, 1, ""Dilation"", ""SE1""], [1, 1, ""Dilation"", ""SE4""], [1, 1, ""Erosion"", ""SE1""], [1, 1, ""Erosion"", ""SE4""], [1, 3, ""Dilation"", ""SE1""], [1, 3, ""Erosion"", ""SE1""], [2, 1, ""Dilation"", ""SE4""], [2, 1, ""Dilation"", ""SE5""], [2, 1, ""Erosion"", ""SE4""], [2, 1, ""Erosion"", ""SE5""], [2, 3, ""Dilation"", ""SE1""], [2, 3, ""Erosion"", ""SE1""]]"
Task021,0.0141,"[[0, 1, ""Dilation"", ""SE2""], [0, 1, ""Dilation"", ""SE2""], [0, 1, ""Erosion"", ""SE2""], [0, 1, ""Erosion"", ""SE2""], [0, 2, ""Dilation"", ""SE1""], [0, 2, ""Erosion"", ""SE1""], [1, 1, ""Dilation"", ""SE1""], [1, 1, ""Dilation"", ""SE1""], [1, 1, ""Erosion"", ""SE1""], [1, 1, ""Erosion"", ""SE1""], [1, 2, ""Dilation"", ""SE1""], [1, 2, ""Erosion"", ""SE1""], [2, 1, ""Dilation"", ""SE2""], [2, 1, ""Dilation"", ""SE4""], [2, 1, ""Erosion"", ""SE2""], [2, 1, ""Erosion"", ""SE4""], [2, 2, ""Dilation"", ""SE1""], [2, 2, ""Erosion"", ""SE1""]]"
Task022,0.0484,"[[0, 1, ""Dilation"", ""SE2""], [0, 1, ""Dilation"", ""SE2""], [0, 1, ""Erosion"", ""SE2""], [0, 1, ""Erosion"", ""SE2""], [0, 2, ""Dilation"", ""SE2""], [0, 2, ""Erosion"", ""SE2""], [1, 1, ""Dilation"", ""SE6""], [1, 1, ""Dilation"", ""SE7""], [1, 1, ""Erosion"", ""SE6""], [1, 1, ""Erosion"", ""SE7""], [1, 2, ""Dilation"", ""SE2""], [1, 2, ""Erosion"", ""SE2""], [2, 1, ""Dilation"", ""SE1""], [2, 1, ""Dilation"", ""SE1""], [2, 1, ""Erosion"", ""SE1""], [2, 1, ""Erosion"", ""SE1""], [2, 2, ""Dilation"", ""SE2""], [2, 2, ""Erosion"", ""SE2""]]"
Task023,0.0032,"[[0, 1, ""Dilation"", ""SE1""], [0, 1, ""Dilation"", ""SE6""], [0, 1, ""Erosion"", ""SE1""], [0, 1, ""Erosion"", ""SE6""], [0, 1, ""Dilation"", ""SE1""], [0, 1, ""Erosion"", ""SE1""], [1, 1, ""Dilation"", ""SE2""], [1, 1, ""Dilation"", ""SE4""], [1, 1, ""Erosion"", ""SE2""], [1, 1, ""Erosion"", ""SE4""], [1, 1, ""Dilation"", ""SE1""], [1, 1, ""Erosion"", ""SE1""], [2, 1, ""Dilation"", ""SE1""], [2, 1, ""Dilation"", ""SE4""], [2, 1, ""Erosion"", ""SE1""], [2, 1, ""Erosion"", ""SE4""], [2, 1, ""Dilation"", ""SE1""], [2, 1, ""Erosion"", ""SE1""]]"
Task024,0.1102,"[[0, 1, ""Dilation"", ""SE1""], [0, 1, ""Dilation"", ""SE1""], [0, 1, ""Erosion"", ""SE1""], [0, 1, ""Erosion"", ""SE1""], [0, 3, ""Dilation"", ""SE4""], [0, 3, ""Erosion"", ""SE4""], [1, 1, ""Dilation"", ""SE2""], [1, 1, ""Dilation"", ""SE6""], [1, 1, ""Erosion"", ""SE2""], [1, 1, ""Erosion"", ""SE6""], [1, 3, ""Dilation"", ""SE4""], [1, 3, ""Erosion"", ""SE4""], [2, 1, ""Dilation"", ""SE1""], [2, 1, ""Dilation"", ""SE2""], [2, 1, ""Erosion"", ""SE1""], [2, 1, ""Erosion"", ""SE2""], [2, 3, ""Dilation"", ""SE4""], [2, 3, ""Erosion"", ""SE4""]]"
Task025,0.0658,"[[0, 1, ""Dilation"", ""SE5""], [0, 1, ""Dilation"", ""SE8""], [0, 1, ""Erosion"", ""SE5""], [0, 1, ""Erosion"", ""SE8""], [0, 3, ""Dilation"", ""SE2""], [0, 3, ""Erosion"", ""SE2""], [1, 1, ""Dilation"", ""SE2""], [1, 1, ""Dilation"", ""SE8""], [1, 1, ""Erosion"", ""SE2""], [1, 1, ""Erosion"", ""SE8""], [1, 3, ""Dilation"", ""SE2""], [1, 3, ""Erosion"", ""SE2""], [2, 1, ""Dilation"", ""SE2""], [2, 1, ""Dilation"", ""SE2""], [2, 1, ""Erosion"", ""SE2""], [2, 1, ""Erosion"", ""SE2""], [2, 3, ""Dilation"", ""SE2""], [2, 3, ""Erosion"", ""SE2""]]"
Task026,0.1936,"[[0, 1, ""Dilation"", ""SE1""], [0, 1, ""Dilation"", ""SE7""], [0, 1, ""Erosion"", ""SE1""], [0, 1, ""Erosion"", ""SE7""], [0, 3, ""Dilation"", ""SE5""], [0, 3, ""Erosion"", ""SE5""], [1, 1, ""Dilation"", ""SE5""], [1, 1, ""Dilation"", ""SE5""], [1, 1, ""Erosion"", ""SE5""], [1, 1, ""Erosion"", ""SE5""], [1, 3, ""Dilation"", ""SE5""], [1, 3, ""Erosion"", ""SE5""], [2, 1, ""Dilation"", ""SE1""], [2, 1, ""Dilation"", ""SE1""], [2, 1, ""Erosion"", ""SE1""], [2, 1, ""Erosion"", ""SE1""], [2, 3, ""Dilation"", ""SE5""], [2, 3, ""Erosion"", ""SE5""]]"
Task027,0.0338,"[[0, 1, ""Dilation"", ""SE1""], [0, 1, ""Dilation"", ""SE4""], [0, 1, ""Erosion"", ""SE1""], [0, 1, ""Erosion"", ""SE4""], [0, 4, ""Dilation"", ""SE1""], [0, 4, ""Erosion"", ""SE1""], [1, 1, ""Dilation"", ""SE2""], [1, 1, ""Dilation"", ""SE7""], [1, 1, ""Erosion"", ""SE2""], [1, 1, ""Erosion"", ""SE7""], [1, 4, ""Dilation"", ""SE1""], [1, 4, ""Erosion"", ""SE1""], [2, 1, ""Dilation"", ""SE1""], [2, 1, ""Dilation"", ""SE4""], [2, 1, ""Erosion"", ""SE1""], [2, 1, ""Erosion"", ""SE4""], [2, 4, ""Dilation"", ""SE1""], [2, 4, ""Erosion"", ""SE1""]]"
Task028,0.1778,"[[0, 1, ""Dilation"", ""SE2""], [0, 1, ""Dilation"", ""SE5""], [0, 1, ""Erosion"", ""SE2""], [0, 1, ""Erosion"", ""SE5""], [0, 2, ""Dilation"", ""SE5""], [0, 2, ""Erosion"", ""SE5""], [1, 1, ""Dilation"", ""SE1""], [1, 1, ""Dilation"", ""SE7""], [1, 1, ""Erosion"", ""SE1""], [1, 1, ""Erosion"", ""SE7""], [1, 2, ""Dilation"", ""SE5""], [1, 2, ""Erosion"", ""SE5""], [2, 1, ""Dilation"", ""SE1""], [2, 1, ""Dilation"", ""SE2""], [2, 1, ""Erosion"", ""SE1""], [2, 1, ""Erosion"", ""SE2""], [2, 2, ""Dilation"", ""SE5""], [2, 2, ""Erosion"", ""SE5""]]"
Task029,0.2947,"[[0, 1, ""Dilation"", ""SE4""], [0, 1, ""Dilation"", ""SE8""], [0, 1, ""Erosion"", ""SE4""], [0, 1, ""Erosion"", ""SE8""], [0, 3, ""Dilation"", ""SE7""], [0, 3, ""Erosion"", ""SE7""], [1, 1, ""Dilation"", ""SE5""], [1, 1, ""Dilation"", ""SE8""], [1, 1, ""Erosion"", ""SE5""], [1, 1, ""Erosion"", ""SE8""], [1, 3, ""Dilation"", ""SE7""], [1, 3, ""Erosion"", ""SE7""], [2, 1, ""Dilation"", ""SE6""], [2, 1, ""Dilation"", ""SE7""], [2, 1, ""Erosion"", ""SE6""], [2, 1, ""Erosion"", ""SE7""], [2, 3, ""Dilation"", ""SE7""], [2, 3, ""Erosion"", ""SE7""]]"
Task030,0.1236,"[[0, 1, ""Dilation"", ""SE2""], [0, 1, ""Dilation"", ""SE7""], [0, 1, ""Erosion"", ""SE2""], [0, 1, ""Erosion"", ""SE7""], [0, 3, ""Dilation"", ""SE3""], [0, 3, ""Erosion"", ""SE3""], [1, 1, ""Dilation"", ""SE3""], [1, 1, ""Dilation"", ""SE3""], [1, 1, ""Erosion"", ""SE3""], [1, 1, ""Erosion"", ""SE3""], [1, 3, ""Dilation"", ""SE3""], [1, 3, ""Erosion"", ""SE3""], [2, 1, ""Dilation"", ""SE1""], [2, 1, ""Dilation"", ""SE7""], [2, 1, ""Erosion"", ""SE1""], [2, 1, ""Erosion"", ""SE7""], [2, 3, ""Dilation"", ""SE3""], [2, 3, ""Erosion"", ""SE3""]]"
Task031,0.1823,"[[0, 1, ""Dilation"", ""SE1""], [0, 1, ""Dilation"", ""SE2""], [0, 1, ""Erosion"", ""SE1""], [0, 1, ""Erosion"", ""SE2""], [0, 3, ""Dilation"", ""SE5""], [0, 3, ""Erosion"", ""SE5""], [1, 1, ""Dilation"", ""SE2""], [1, 1, ""Dilation"", ""SE6""], [1, 1, ""Erosion"", ""SE2""], [1, 1, ""Erosion"", ""SE6""], [1, 3, ""Dilation"", ""SE5""], [1, 3, ""Erosion"", ""SE5""], [2, 1, ""Dilation"", ""SE1""], [2, 1, ""Dilation"", ""SE4""], [2, 1, ""Erosion"", ""SE1""], [2, 1, ""Erosion"", ""SE4""], [2, 3, ""Dilation"", ""SE5""], [2, 3, ""Erosion"", ""SE5""]]"
Task032,0.0227,"[[0, 1, ""Dilation"", ""SE2""], [0, 1, ""Dilation"", ""SE5""], [0, 1, ""Erosion"", ""SE2""], [0, 1, ""Erosion"", ""SE5""], [0, 3, ""Dilation"", ""SE1""], [0, 3, ""Erosion"", ""SE1""], [1, 1, ""Dilation"", ""SE1""], [1, 1, ""Dilation"", ""SE2""], [1, 1, ""Erosion"", ""SE1""], [1, 1, ""Erosion"", ""SE2""], [1, 3, ""Dilation"", ""SE1""], [1, 3, ""Erosion"", ""SE1""], [2, 1, ""Dilation"", ""SE1""], [2, 1, ""Dilation"", ""SE5""], [2, 1, ""Erosion"", ""SE1""], [2, 1, ""Erosion"", ""SE5""], [2, 3, ""Dilation"", ""SE1""], [2, 3, ""Erosion"", ""SE1""]]"
Task033,0.1596,"[[0, 1, ""Dilation"", ""SE1""], [0, 1, ""Dilation"", ""SE4""], [0, 1, ""Erosion"", ""SE1""], [0, 1, ""Erosion"", ""SE4""], [0, 2, ""Dilation"", ""SE4""], [0, 2, ""Erosion"", ""SE4""], [1, 1, ""Dilation"", ""SE1""], [1, 1, ""Dilation"", ""SE3""], [1, 1, ""Erosion"", ""SE1""], [1, 1, ""Erosion"", ""SE3""], [1, 2, ""Dilation"", ""SE4""], [1, 2, ""Erosion"", ""SE4""], [2, 1, ""Dilation"", ""SE1""], [2, 1, ""Dilation"", ""SE4""], [2, 1, ""Erosion"", ""SE1""], [2, 1, ""Erosion"", ""SE4""], [2, 2, ""Dilation"", ""SE4""], [2, 2, ""Erosion"", ""SE4""]]"
Task034,0.2081,"[[0, 1, ""Dilation"", ""SE1""], [0, 1, ""Dilation"", ""SE7""], [0, 1, ""Erosion"", ""SE1""], [0, 1, ""Erosion"", ""SE7""], [0, 2, ""Dilation"", ""SE5""], [0, 2, ""Erosion"", ""SE5""], [1, 1, ""Dilation"", ""SE6""], [1, 1, ""Dilation"", ""SE7""], [1, 1, ""Erosion"", ""SE6""], [1, 1, ""Erosion"", ""SE7""], [1, 2, ""Dilation"", ""SE5""], [1, 2, ""Erosion"", ""SE5""], [2, 1, ""Dilation"", ""SE2""], [2, 1, ""Dilation"", ""SE7""], [2, 1, ""Erosion"", ""SE2""], [2, 1, ""Erosion"", ""SE7""], [2, 2, ""Dilation"", ""SE5""], [2, 2, ""Erosion"", ""SE5""]]"
Task035,0.28,"[[0, 1, ""Dilation"", ""SE2""], [0, 1, ""Dilation"", ""SE6""], [0, 1, ""Erosion"", ""SE2""], [0, 1, ""Erosion"", ""SE6""], [0, 4, ""Dilation"", ""SE8""], [0, 4, ""Erosion"", ""SE8""], [1, 1, ""Dilation"", ""SE1""], [1, 1, ""Dilation"", ""SE8""], [1, 1, ""Erosion"", ""SE1""], [1, 1, ""Erosion"", ""SE8""], [1, 4, ""Dilation"", ""SE8""], [1, 4, ""Erosion"", ""SE8""], [2, 1, ""Dilation"", ""SE2""], [2, 1, ""Dilation"", ""SE4""], [2, 1, ""Erosion"", ""SE2""], [2, 1, ""Erosion"", ""SE4""], [2, 4, ""Dilation"", ""SE8""], [2, 4, ""Erosion"", ""SE8""]]"
Task036,0.0391,"[[0, 1, ""Dilation"", ""SE2""], [0, 1, ""Dilation"", ""SE4""], [0, 1, ""Erosion"", ""SE2""], [0, 1, ""Erosion"", ""SE4""], [0, 4, ""Dilation"", ""SE1""], [0, 4, ""Erosion"", ""SE1""], [1, 1, ""Dilation"", ""SE1""], [1, 1, ""Dilation"", ""SE2""], [1, 1, ""Erosion"", ""SE1""], [1, 1, ""Erosion"", ""SE2""], [1, 4, ""Dilation"", ""SE1""], [1, 4, ""Erosion"", ""SE1""], [2, 1, ""Dilation"", ""SE2""], [2, 1, ""Dilation"", ""SE7""], [2, 1, ""Erosion"", ""SE2""], [2, 1, ""Erosion"", ""SE7""], [2, 4, ""Dilation"", ""SE1""], [2, 4, ""Erosion"", ""SE1""]]"
Task037,0.1366,"[[0, 1, ""Dilation"", ""SE1""], [0, 1, ""Dilation"", ""SE5""], [0, 1, ""Erosion"", ""SE1""], [0, 1, ""Erosion"", ""SE5""], [0, 4, ""Dilation"", ""SE3""], [0, 4, ""Erosion"", ""SE3""], [1, 1, ""Dilation"", ""SE1""], [1, 1, ""Dilation"", ""SE5""], [1, 1, ""Erosion"", ""SE1""], [1, 1, ""Erosion"", ""SE5""], [1, 4, ""Dilation"", ""SE3""], [1, 4, ""Erosion"", ""SE3""], [2, 1, ""Dilation"", ""SE1""], [2, 1, ""Dilation"", ""SE7""], [2, 1, ""Erosion"", ""SE1""], [2, 1, ""Erosion"", ""SE7""], [2, 4, ""Dilation"", ""SE3""], [2, 4, ""Erosion"", ""SE3""]]"
Task038,0.1128,"[[0, 1, ""Dilation"", ""SE4""], [0, 1, ""Dilation"", ""SE8""], [0, 1, ""Erosion"", ""SE4""], [0, 1, ""Erosion"", ""SE8""], [0, 4, ""Dilation"", ""SE3""], [0, 4, ""Erosion"", ""SE3""], [1, 1, ""Dilation"", ""SE2""], [1, 1, ""Dilation"", ""SE6""], [1, 1, ""Erosion"", ""SE2""], [1, 1, ""Erosion"", ""SE6""], [1, 4, ""Dilation"", ""SE3""], [1, 4, ""Erosion"", ""SE3""], [2, 1, ""Dilation"", ""SE1""], [2, 1, ""Dilation"", ""SE2""], [2, 1, ""Erosion"", ""SE1""], [2, 1, ""Erosion"", ""SE2""], [2, 4, ""Dilation"", ""SE3""], [2, 4, ""Erosion"", ""SE3""]]"
Task039,0.1075,"[[0, 1, ""Dilation"", ""SE4""], [0, 1, ""Dilation"", ""SE7""], [0, 1, ""Erosion"", ""SE4""], [0, 1, ""Erosion"", ""SE7""], [0, 3, ""Dilation"", ""SE3""], [0, 3, ""Erosion"", ""SE3""], [1, 1, ""Dilation"", ""SE2""], [1, 1, ""Dilation"", ""SE7""], [1, 1, ""Erosion"", ""SE2""], [1, 1, ""Erosion"", ""SE7""], [1, 3, ""Dilation"", ""SE3""], [1, 3, ""Erosion"", ""SE3""], [2, 1, ""Dilation"", ""SE7""], [2, 1, ""Dilation"", ""SE8""], [2, 1, ""Erosion"", ""SE7""], [2, 1, ""Erosion"", ""SE8""], [2, 3, ""Dilation"", ""SE3""], [2, 3, ""Erosion"", ""SE3""]]"
Task040,0.2718,"[[0, 1, ""Dilation"", ""SE2""], [0, 1, ""Dilation"", ""SE4""], [0, 1, ""Erosion"", ""SE2""], [0, 1, ""Erosion"", ""SE4""], [0, 4, ""Dilation"", ""SE8""], [0, 4, ""Erosion"", ""SE8""], [1, 1, ""Dilation"", ""SE7""], [1, 1, ""Dilation"", ""SE7""], [1, 1, ""Erosion"", ""SE7""], [1, 1, ""Erosion"", ""SE7""], [1, 4, ""Dilation"", ""SE8""], [1, 4, ""Erosion"", ""SE8""], [2, 1, ""Dilation"", ""SE1""], [2, 1, ""Dilation"", ""SE4""], [2, 1, ""Erosion"", ""SE1""], [2, 1, ""Erosion"", ""SE4""], [2, 4, ""Dilation"", ""SE8""], [2, 4, ""Erosion"", ""SE8""]]"
Task041,0.1354,"[[0, 1, ""Dilation"", ""SE1""], [0, 1, ""Dilation"", ""SE2""], [0, 1, ""Erosion"", ""SE1""], [0, 1, ""Erosion"", ""SE2""], [0, 3, ""Dilation"", ""SE4""], [0, 3, ""Erosion"", ""SE4""], [1, 1, ""Dilation"", ""SE1""], [1, 1, ""Dilation"", ""SE2""], [1, 1, ""Erosion"", ""SE1""], [1, 1, ""Erosion"", ""SE2""], [1, 3, ""Dilation"", ""SE4""], [1, 3, ""Erosion"", ""SE4""], [2, 1, ""Dilation"", ""SE1""], [2, 1, ""Dilation"", ""SE2""], [2, 1, ""Erosion"", ""SE1""], [2, 1, ""Erosion"", ""SE2""], [2, 3, ""Dilation"", ""SE4""], [2, 3, ""Erosion"", ""SE4""]]"
Task042,0.2457,"[[0, 1, ""Dilation"", ""SE1""], [0, 1, ""Dilation"", ""SE8""], [0, 1, ""Erosion"", ""SE1""], [0, 1, ""Erosion"", ""SE8""], [0, 4, ""Dilation"", ""SE8""], [0, 4, ""Erosion"", ""SE8""], [1, 1, ""Dilation"", ""SE2""], [1, 1, ""Dilation"", ""SE4""], [1, 1, ""Erosion"", ""SE2""], [1, 1, ""Erosion"", ""SE4""], [1, 4, ""Dilation"", ""SE8""], [1, 4, ""Erosion"", ""SE8""], [2, 1, ""Dilation"", ""SE1""], [2, 1, ""Dilation"", ""SE8""], [2, 1, ""Erosion"", ""SE1""], [2, 1, ""Erosion"", ""SE8""], [2, 4, ""Dilation"", ""SE8""], [2, 4, ""Erosion"", ""SE8""]]"
Task043,0.2727,"[[0, 1, ""Dilation"", ""SE1""], [0, 1, ""Dilation"", ""SE4""], [0, 1, ""Erosion"", ""SE1""], [0, 1, ""Erosion"", ""SE4""], [0, 4, ""Dilation"", ""SE8""], [0, 4, ""Erosion"", ""SE8""], [1, 1, ""Dilation"", ""SE5""], [1, 1, ""Dilation"", ""SE8""], [1, 1, ""Erosion"", ""SE5""], [1, 1, ""Erosion"", ""SE8""], [1, 4, ""Dilation"", ""SE8""], [1, 4, ""Erosion"", ""SE8""], [2, 1, ""Dilation"", ""SE1""], [2, 1, ""Dilation"", ""SE2""], [2, 1, ""Erosion"", ""SE1""], [2, 1, ""Erosion"", ""SE2""], [2, 4, ""Dilation"", ""SE8""], [2, 4, ""Erosion"", ""SE8""]]"
Task044,0.2104,"[[0, 1, ""Dilation"", ""SE2""], [0, 1, ""Dilation"", ""SE5""], [0, 1, ""Erosion"", ""SE2""], [0, 1, ""Erosion"", ""SE5""], [0, 4, ""Dilation"", ""SE7""], [0, 4, ""Erosion"", ""SE7""], [1, 1, ""Dilation"", ""SE5""], [1, 1, ""Dilation"", ""SE7""], [1, 1, ""Erosion"", ""SE5""], [1, 1, ""Erosion"", ""SE7""], [1, 4, ""Dilation"", ""SE7""], [1, 4, ""Erosion"", ""SE7""], [2, 1, ""Dilation"", ""SE1""], [2, 1, ""Dilation"", ""SE3""], [2, 1, ""Erosion"", ""SE1""], [2, 1, ""Erosion"", ""SE3""], [2, 4, ""Dilation"", ""SE7""], [2, 4, ""Erosion"", ""SE7""]]"
Task045,0.156,"[[0, 1, ""Dilation"", ""SE1""], [0, 1, ""Dilation"", ""SE2""], [0, 1, ""Erosion"", ""SE1""], [0, 1, ""Erosion"", ""SE2""], [0, 2, ""Dilation"", ""SE5""], [0, 2, ""Erosion"", ""SE5""], [1, 1, ""Dilation"", ""SE1""], [1, 1, ""Dilation"", ""SE7""], [1, 1, ""Erosion"", ""SE1""], [1, 1, ""Erosion"", ""SE7""], [1, 2, ""Dilation"", ""SE5""], [1, 2, ""Erosion"", ""SE5""], [2, 1, ""Dilation"", ""SE1""], [2, 1, ""Dilation"", ""SE4""], [2, 1, ""Erosion"", ""SE1""], [2, 1, ""Erosion"", ""SE4""], [2, 2, ""Dilation"", ""SE5""], [2, 2, ""Erosion"", ""SE5""]]"
Task046,0.1726,"[[0, 1, ""Dilation"", ""SE1""], [0, 1, ""Dilation"", ""SE1""], [0, 1, ""Erosion"", ""SE1""], [0, 1, ""Erosion"", ""SE1""], [0, 3, ""Dilation"", ""SE6""], [0, 3, ""Erosion"", ""SE6""], [1, 1, ""Dilation"", ""SE1""], [1, 1, ""Dilation"", ""SE7""], [1, 1, ""Erosion"", ""SE1""], [1, 1, ""Erosion"", ""SE7""], [1, 3, ""Dilation"", ""SE6""], [1, 3, ""Erosion"", ""SE6""], [2, 1, ""Dilation"", ""SE1""], [2, 1, ""Dilation"", ""SE4""], [2, 1, ""Erosion"", ""SE1""], [2, 1, ""Erosion"", ""SE4""], [2, 3, ""Dilation"", ""SE6""], [2, 3, ""Erosion"", ""SE6""]]"
Task047,0.1718,"[[0, 1, ""Dilation"", ""SE1""], [0, 1, ""Dilation"", ""SE4""], [0, 1, ""Erosion"", ""SE1""], [0, 1, ""Erosion"", ""SE4""], [0, 2, ""Dilation"", ""SE6""], [0, 2, ""Erosion"", ""SE6""], [1, 1, ""Dilation"", ""SE2""], [1, 1, ""Dilation"", ""SE6""], [1, 1, ""Erosion"", ""SE2""], [1, 1, ""Erosion"", ""SE6""], [1, 2, ""Dilation"", ""SE6""], [1, 2, ""Erosion"", ""SE6""], [2, 1, ""Dilation"", ""SE1""], [2, 1, ""Dilation"", ""SE4""], [2, 1, ""Erosion"", ""SE1""], [2, 1, ""Erosion"", ""SE4""], [2, 2, ""Dilation"", ""SE6""], [2, 2, ""Erosion"", ""SE6""]]"
Task048,0.0602,"[[0, 1, ""Dilation"", ""SE1""], [0, 1, ""Dilation"", ""SE5""], [0, 1, ""Erosion"", ""SE1""], [0, 1, ""Erosion"", ""SE5""], [0, 4, ""Dilation"", ""SE2""], [0, 4, ""Erosion"", ""SE2""], [1, 1, ""Dilation"", ""SE1""], [1, 1, ""Dilation"", ""SE8""], [1, 1, ""Erosion"", ""SE1""], [1, 1, ""Erosion"", ""SE8""], [1, 4, ""Dilation"", ""SE2""], [1, 4, ""Erosion"", ""SE2""], [2, 1, ""Dilation"", ""SE1""], [2, 1, ""Dilation"", ""SE4""], [2, 1, ""Erosion"", ""SE1""], [2, 1, ""Erosion"", ""SE4""], [2, 4, ""Dilation"", ""SE2""], [2, 4, ""Erosion"", ""SE2""]]"
Task049,0.2549,"[[0, 1, ""Dilation"", ""SE1""], [0, 1, ""Dilation"", ""SE2""], [0, 1, ""Erosion"", ""SE1""], [0, 1, ""Erosion"", ""SE2""], [0, 3, ""Dilation"", ""SE8""], [0, 3, ""Erosion"", ""SE8""], [1, 1, ""Dilation"", ""SE1""], [1, 1, ""Dilation"", ""SE4""], [1, 1, ""Erosion"", ""SE1""], [1, 1, ""Erosion"", ""SE4""], [1, 3, ""Dilation"", ""SE8""], [1, 3, ""Erosion"", ""SE8""], [2, 1, ""Dilation"", ""SE1""], [2, 1, ""Dilation"", ""SE5""], [2, 1, ""Erosion"", ""SE1""], [2, 1, ""Erosion"", ""SE5""], [2, 3, ""Dilation"", ""SE8""], [2, 3, ""Erosion"", ""SE8""]]"
Task050,0.0404,"[[0, 1, ""Dilation"", ""SE1""], [0, 1, ""Dilation"", ""SE2""], [0, 1, ""Erosion"", ""SE1""], [0, 1, ""Erosion"", ""SE2""], [0, 2, ""Dilation"", ""SE2""], [0, 2, ""Erosion"", ""SE2""], [1, 1, ""Dilation"", ""SE2""], [1, 1, ""Dilation"", ""SE7""], [1, 1, ""Erosion"", ""SE2""], [1, 1, ""Erosion"", ""SE7""], [1, 2, ""Dilation"", ""SE2""], [1, 2, ""Erosion"", ""SE2""], [2, 1, ""Dilation"", ""SE1""], [2, 1, ""Dilation"", ""SE7""], [2, 1, ""Erosion"", ""SE1""], [2, 1, ""Erosion"", ""SE7""], [2, 2, ""Dilation"", ""SE2""], [2, 2, ""Erosion"", ""SE2""]]"
Task051,0.1481,"[[0, 1, ""Dilation"", ""SE1""], [0, 1, ""Dilation"", ""SE2""], [0, 1, ""Erosion"", ""SE1""], [0, 1, ""Erosion"", ""SE2""], [0, 4, ""Dilation"", ""SE5""], [0, 4, ""Erosion"", ""SE5""], [1, 1, ""Dilation"", ""SE2""], [1, 1, ""Dilation"", ""SE7""], [1, 1, ""Erosion"", ""SE2""], [1, 1, ""Erosion"", ""SE7""], [1, 4, ""Dilation"", ""SE5""], [1, 4, ""Erosion"", ""SE5""], [2, 1, ""Dilation"", ""SE1""], [2, 1, ""Dilation"", ""SE7""], [2, 1, ""Erosion"", ""SE1""], [2, 1, ""Erosion"", ""SE7""], [2, 4, ""Dilation"", ""SE5""], [2, 4, ""Erosion"", ""SE5""]]"
Task052,0.0242,"[[0, 1, ""Dilation"", ""SE2""], [0, 1, ""Dilation"", ""SE6""], [0, 1, ""Erosion"", ""SE2""], [0, 1, ""Erosion"", ""SE6""], [0, 3, ""Dilation"", ""SE1""], [0, 3, ""Erosion"", ""SE1""], [1, 1, ""Dilation"", ""SE1""], [1, 1, ""Dilation"", ""SE6""], [1, 1, ""Erosion"", ""SE1""], [1, 1, ""Erosion"", ""SE6""], [1, 3, ""Dilation"", ""SE1""], [1, 3, ""Erosion"", ""SE1""], [2, 1, ""Dilation"", ""SE3""], [2, 1, ""Dilation"", ""SE3""], [2, 1, ""Erosion"", ""SE3""], [2, 1, ""Erosion"", ""SE3""], [2, 3, ""Dilation"", ""SE1""], [2, 3, ""Erosion"", ""SE1""]]"
Task053,0.1772,"[[0, 1, ""Dilation"", ""SE4""], [0, 1, ""Dilation"", ""SE6""], [0, 1, ""Erosion"", ""SE4""], [0, 1, ""Erosion"", ""SE6""], [0, 3, ""Dilation"", ""SE6""], [0, 3, ""Erosion"", ""SE6""], [1, 1, ""Dilation"", ""SE2""], [1, 1, ""Dilation"", ""SE7""], [1, 1, ""Erosion"", ""SE2""], [1, 1, ""Erosion"", ""SE7""], [1, 3, ""Dilation"", ""SE6""], [1, 3, ""Erosion"", ""SE6""], [2, 1, ""Dilation"", ""SE1""], [2, 1, ""Dilation"", ""SE2""], [2, 1, ""Erosion"", ""SE1""], [2, 1, ""Erosion"", ""SE2""], [2, 3, ""Dilation"", ""SE6""], [2, 3, ""Erosion"", ""SE6""]]"
Task054,0.1689,"[[0, 1, ""Dilation"", ""SE1""], [0, 1, ""Dilation"", ""SE7""], [0, 1, ""Erosion"", ""SE1""], [0, 1, ""Erosion"", ""SE7""], [0, 3, ""Dilation"", ""SE5""], [0, 3, ""Erosion"", ""SE5""], [1, 1, ""Dilation"", ""SE2""], [1, 1, ""Dilation"", ""SE2""], [1, 1, ""Erosion"", ""SE2""], [1, 1, ""Erosion"", ""SE2""], [1, 3, ""Dilation"", ""SE5""], [1, 3, ""Erosion"", ""SE5""], [2, 1, ""Dilation"", ""SE2""], [2, 1, ""Dilation"", ""SE2""], [2, 1, ""Erosion"", ""SE2""], [2, 1, ""Erosion"", ""SE2""], [2, 3, ""Dilation"", ""SE5""], [2, 3, ""Erosion"", ""SE5""]]"
Task055,0.2349,"[[0, 1, ""Dilation"", ""SE1""], [0, 1, ""Dilation"", ""SE2""], [0, 1, ""Erosion"", ""SE1""], [0, 1, ""Erosion"", ""SE2""], [0, 4, ""Dilation"", ""SE8""], [0, 4, ""Erosion"", ""SE8""], [1, 1, ""Dilation"", ""SE2""], [1, 1, ""Dilation"", ""SE4""], [1, 1, ""Erosion"", ""SE2""], [1, 1, ""Erosion"", ""SE4""], [1, 4, ""Dilation"", ""SE8""], [1, 4, ""Erosion"", ""SE8""], [2, 1, ""Dilation"", ""SE1""], [2, 1, ""Dilation"", ""SE7""], [2, 1, ""Erosion"", ""SE1""], [2, 1, ""Erosion"", ""SE7""], [2, 4, ""Dilation"", ""SE8""], [2, 4, ""Erosion"", ""SE8""]]"
Task056,0.1885,"[[0, 1, ""Dilation"", ""SE5""], [0, 1, ""Dilation"", ""SE7""], [0, 1, ""Erosion"", ""SE5""], [0, 1, ""Erosion"", ""SE7""], [0, 3, ""Dilation"", ""SE6""], [0, 3, ""Erosion"", ""SE6""], [1, 1, ""Dilation"", ""SE2""], [1, 1, ""Dilation"", ""SE5""], [1, 1, ""Erosion"", ""SE2""], [1, 1, ""Erosion"", ""SE5""], [1, 3, ""Dilation"", ""SE6""], [1, 3, ""Erosion"", ""SE6""], [2, 1, ""Dilation"", ""SE1""], [2, 1, ""Dilation"", ""SE4""], [2, 1, ""Erosion"", ""SE1""], [2, 1, ""Erosion"", ""SE4""], [2, 3, ""Dilation"", ""SE6""], [2, 3, ""Erosion"", ""SE6""]]"
Task057,0.0565,"[[0, 1, ""Dilation"", ""SE4""], [0, 1, ""Dilation"", ""SE7""], [0, 1, ""Erosion"", ""SE4""], [0, 1, ""Erosion"", ""SE7""], [0, 3, ""Dilation"", ""SE2""], [0, 3, ""Erosion"", ""SE2""], [1, 1, ""Dilation"", ""SE1""], [1, 1, ""Dilation"", ""SE8""], [1, 1, ""Erosion"", ""SE1""], [1, 1, ""Erosion"", ""SE8""], [1, 3, ""Dilation"", ""SE2""], [1, 3, ""Erosion"", ""SE2""], [2, 1, ""Dilation"", ""SE1""], [2, 1, ""Dilation"", ""SE5""], [2, 1, ""Erosion"", ""SE1""], [2, 1, ""Erosion"", ""SE5""], [2, 3, ""Dilation"", ""SE2""], [2, 3, ""Erosion"", ""SE2""]]"
Task058,0.1849,"[[0, 1, ""Dilation"", ""SE5""], [0, 1, ""Dilation"", ""SE6""], [0, 1, ""Erosion"", ""SE5""], [0, 1, ""Erosion"", ""SE6""], [0, 4, ""Dilation"", ""SE6""], [0, 4, ""Erosion"", ""SE6""], [1, 1, ""Dilation"", ""SE2""], [1, 1, ""Dilation"", ""SE2""], [1, 1, ""Erosion"", ""SE2""], [1, 1, ""Erosion"", ""SE2""], [1, 4, ""Dilation"", ""SE6""], [1, 4, ""Erosion"", ""SE6""], [2, 1, ""Dilation"", ""SE4""], [2, 1, ""Dilation"", ""SE6""], [2, 1, ""Erosion"", ""SE4""], [2, 1, ""Erosion"", ""SE6""], [2, 4, ""Dilation"", ""SE6""], [2, 4, ""Erosion"", ""SE6""]]"
Task059,0.0254,"[[0, 1, ""Dilation"", ""SE1""], [0, 1, ""Dilation"", ""SE7""], [0, 1, ""Erosion"", ""SE1""], [0, 1, ""Erosion"", ""SE7""], [0, 4, ""Dilation"", ""SE1""], [0, 4, ""Erosion"", ""SE1""], [1, 1, ""Dilation"", ""SE1""], [1, 1, ""Dilation"", ""SE4""], [1, 1, ""Erosion"", ""SE1""], [1, 1, ""Erosion"", ""SE4""], [1, 4, ""Dilation"", ""SE1""], [1, 4, ""Erosion"", ""SE1""], [2, 1, ""Dilation"", ""SE1""], [2, 1, ""Dilation"", ""SE1""], [2, 1, ""Erosion"", ""SE1""], [2, 1, ""Erosion"", ""SE1""], [2, 4, ""Dilation"", ""SE1""], [2, 4, ""Erosion"", ""SE1""]]"
Task060,0.2796,"[[0, 1, ""Dilation"", ""SE1""], [0, 1, ""Dilation"", ""SE1""], [0, 1, ""Erosion"", ""SE1""], [0, 1, ""Erosion"", ""SE1""], [0, 4, ""Dilation"", ""SE8""], [0, 4, ""Erosion"", ""SE8""], [1, 1, ""Dilation"", ""SE1""], [1, 1, ""Dilation"", ""SE2""], [1, 1, ""Erosion"", ""SE1""], [1, 1, ""Erosion"", ""SE2""], [1, 4, ""Dilation"", ""SE8""], [1, 4, ""Erosion"", ""SE8""], [2, 1, ""Dilation"", ""SE1""], [2, 1, ""Dilation"", ""SE2""], [2, 1, ""Erosion"", ""SE1""], [2, 1, ""Erosion"", ""SE2""], [2, 4, ""Dilation"", ""SE8""], [2, 4, ""Erosion"", ""SE8""]]"
Task061,0.1991,"[[0, 1, ""Dilation"", ""SE1""], [0, 1, ""Dilation"", ""SE2""], [0, 1, ""Erosion"", ""SE1""], [0, 1, ""Erosion"", ""SE2""], [0, 4, ""Dilation"", ""SE6""], [0, 4, ""Erosion"", ""SE6""], [1, 1, ""Dilation"", ""SE5""], [1, 1, ""Dilation"", ""SE7""], [1, 1, ""Erosion"", ""SE5""], [1, 1, ""Erosion"", ""SE7""], [1, 4, ""Dilation"", ""SE6""], [1, 4, ""Erosion"", ""SE6""], [2, 1, ""Dilation"", ""SE5""], [2, 1, ""Dilation"", ""SE8""], [2, 1, ""Erosion"", ""SE5""], [2, 1, ""Erosion"", ""SE8""], [2, 4, ""Dilation"", ""SE6""], [2, 4, ""Erosion"", ""SE6""]]"
Task062,0.1888,"[[0, 1, ""Dilation"", ""SE1""], [0, 1, ""Dilation"", ""SE4""], [0, 1, ""Erosion"", ""SE1""], [0, 1, ""Erosion"", ""SE4""], [0, 3, ""Dilation"", ""SE6""], [0, 3, ""Erosion"", ""SE6""], [1, 1, ""Dilation"", ""SE2""], [1, 1, ""Dilation"", ""SE4""], [1, 1, ""Erosion"", ""SE2""], [1, 1, ""Erosion"", ""SE4""], [1, 3, ""Dilation"", ""SE6""], [1, 3, ""Erosion"", ""SE6""], [2, 1, ""Dilation"", ""SE4""], [2, 1, ""Dilation"", ""SE6""], [2, 1, ""Erosion"", ""SE4""], [2, 1, ""Erosion"", ""SE6""], [2, 3, ""Dilation"", ""SE6""], [2, 3, ""Erosion"", ""SE6""]]"
Task063,0.0021,"[[0, 1, ""Dilation"", ""SE1""], [0, 1, ""Dilation"", ""SE7""], [0, 1, ""Erosion"", ""SE1""], [0, 1, ""Erosion"", ""SE7""], [0, 1, ""Dilation"", ""SE1""], [0, 1, ""Erosion"", ""SE1""], [1, 1, ""Dilation"", ""SE1""], [1, 1, ""Dilation"", ""SE2""], [1, 1, ""Erosion"", ""SE1""], [1, 1, ""Erosion"", ""SE2""], [1, 1, ""Dilation"", ""SE1""], [1, 1, ""Erosion"", ""SE1""], [2, 1, ""Dilation"", ""SE1""], [2, 1, ""Dilation"", ""SE4""], [2, 1, ""Erosion"", ""SE1""], [2, 1, ""Erosion"", ""SE4""], [2, 1, ""Dilation"", ""SE1""], [2, 1, ""Erosion"", ""SE1""]]"
Task064,0.0152,"[[0, 1, ""Dilation"", ""SE1""], [0, 1, ""Dilation"", ""SE3""], [0, 1, ""Erosion"", ""SE1""], [0, 1, ""Erosion"", ""SE3""], [0, 2, ""Dilation"", ""SE1""], [0, 2, ""Erosion"", ""SE1""], [1, 1, ""Dilation"", ""SE1""], [1, 1, ""Dilation"", ""SE1""], [1, 1, ""Erosion"", ""SE1""], [1, 1, ""Erosion"", ""SE1""], [1, 2, ""Dilation"", ""SE1""], [1, 2, ""Erosion"", ""SE1""], [2, 1, ""Dilation"", ""SE4""], [2, 1, ""Dilation"", ""SE5""], [2, 1, ""Erosion"", ""SE4""], [2, 1, ""Erosion"", ""SE5""], [2, 2, ""Dilation"", ""SE1""], [2, 2, ""Erosion"", ""SE1""]]"
Task065,0.0568,"[[0, 1, ""Dilation"", ""SE1""], [0, 1, ""Dilation"", ""SE7""], [0, 1, ""Erosion"", ""SE1""], [0, 1, ""Erosion"", ""SE7""], [0, 4, ""Dilation"", ""SE2""], [0, 4, ""Erosion"", ""SE2""], [1, 1, ""Dilation"", ""SE1""], [1, 1, ""Dilation"", ""SE2""], [1, 1, ""Erosion"", ""SE1""], [1, 1, ""Erosion"", ""SE2""], [1, 4, ""Dilation"", ""SE2""], [1, 4, ""Erosion"", ""SE2""], [2, 1, ""Dilation"", ""SE1""], [2, 1, ""Dilation"", ""SE4""], [2, 1, ""Erosion"", ""SE1""], [2, 1, ""Erosion"", ""SE4""], [2, 4, ""Dilation"", ""SE2""], [2, 4, ""Erosion"", ""SE2""]]"
Task066,0.1051,"[[0, 1, ""Dilation"", ""SE1""], [0, 1, ""Dilation"", ""SE7""], [0, 1, ""Erosion"", ""SE1""], [0, 1, ""Erosion"", ""SE7""], [0, 4, ""Dilation"", ""SE3""], [0, 4, ""Erosion"", ""SE3""], [1, 1, ""Dilation"", ""SE1""], [1, 1, ""Dilation"", ""SE7""], [1, 1, ""Erosion"", ""SE1""], [1, 1, ""Erosion"", ""SE7""], [1, 4, ""Dilation"", ""SE3""], [1, 4, ""Erosion"", ""SE3""], [2, 1, ""Dilation"", ""SE1""], [2, 1, ""Dilation"", ""SE5""], [2, 1, ""Erosion"", ""SE1""], [2, 1, ""Erosion"", ""SE5""], [2, 4, ""Dilation"", ""SE3""], [2, 4, ""Erosion"", ""SE3""]]"
Task067,0.0306,"[[0, 1, ""Dilation"", ""SE2""], [0, 1, ""Dilation"", ""SE5""], [0, 1, ""Erosion"", ""SE2""], [0, 1, ""Erosion"", ""SE5""], [0, 4, ""Dilation"", ""SE1""], [0, 4, ""Erosion"", ""SE1""], [1, 1, ""Dilation"", ""SE4""], [1, 1, ""Dilation"", ""SE5""], [1, 1, ""Erosion"", ""SE4""], [1, 1, ""Erosion"", ""SE5""], [1, 4, ""Dilation"", ""SE1""], [1, 4, ""Erosion"", ""SE1""], [2, 1, ""Dilation"", ""SE1""], [2, 1, ""Dilation"", ""SE1""], [2, 1, ""Erosion"", ""SE1""], [2, 1, ""Erosion"", ""SE1""], [2, 4, ""Dilation"", ""SE1""], [2, 4, ""Erosion"", ""SE1""]]"
Task068,0.1589,"[[0, 1, ""Dilation"", ""SE1""], [0, 1, ""Dilation"", ""SE7""], [0, 1, ""Erosion"", ""SE1""], [0, 1, ""Erosion"", ""SE7""], [0, 3, ""Dilation"", ""SE5""], [0, 3, ""Erosion"", ""SE5""], [1, 1, ""Dilation"", ""SE2""], [1, 1, ""Dilation"", ""SE5""], [1, 1, ""Erosion"", ""SE2""], [1, 1, ""Erosion"", ""SE5""], [1, 3, ""Dilation"", ""SE5""], [1, 3, ""Erosion"", ""SE5""], [2, 1, ""Dilation"", ""SE1""], [2, 1, ""Dilation"", ""SE2""], [2, 1, ""Erosion"", ""SE1""], [2, 1, ""Erosion"", ""SE2""], [2, 3, ""Dilation"", ""SE5""], [2, 3, ""Erosion"", ""SE5""]]"
Task069,0.2507,"[[0, 1, ""Dilation"", ""SE1""], [0, 1, ""Dilation"", ""SE2""], [0, 1, ""Erosion"", ""SE1""], [0, 1, ""Erosion"", ""SE2""], [0, 3, ""Dilation"", ""SE7""], [0, 3, ""Erosion"", ""SE7""], [1, 1, ""Dilation"", ""SE1""], [1, 1, ""Dilation"", ""SE5""], [1, 1, ""Erosion"", ""SE1""], [1, 1, ""Erosion"", ""SE5""], [1, 3, ""Dilation"", ""SE7""], [1, 3, ""Erosion"", ""SE7""], [2, 1, ""Dilation"", ""SE1""], [2, 1, ""Dilation"", ""SE2""], [2, 1, ""Erosion"", ""SE1""], [2, 1, ""Erosion"", ""SE2""], [2, 3, ""Dilation"", ""SE7""], [2, 3, ""Erosion"", ""SE7""]]"
Task070,0.0119,"[[0, 1, ""Dilation"", ""SE1""], [0, 1, ""Dilation"", ""SE1""], [0, 1, ""Erosion"", ""SE1""], [0, 1, ""Erosion"", ""SE1""], [0, 2, ""Dilation"", ""SE1""], [0, 2, ""Erosion"", ""SE1""], [1, 1, ""Dilation"", ""SE1""], [1, 1, ""Dilation"", ""SE4""], [1, 1, ""Erosion"", ""SE1""], [1, 1, ""Erosion"", ""SE4""], [1, 2, ""Dilation"", ""SE1""], [1, 2, ""Erosion"", ""SE1""], [2, 1, ""Dilation"", ""SE2""], [2, 1, ""Dilation"", ""SE7""], [2, 1, ""Erosion"", ""SE2""], [2, 1, ""Erosion"", ""SE7""], [2, 2, ""Dilation"", ""SE1""], [2, 2, ""Erosion"", ""SE1""]]"
Task071,0.0781,"[[0, 1, ""Dilation"", ""SE2""], [0, 1, ""Dilation"", ""SE2""], [0, 1, ""Erosion"", ""SE2""], [0, 1, ""Erosion"", ""SE2""], [0, 3, ""Dilation"", ""SE3""], [0, 3, ""Erosion"", ""SE3""], [1, 1, ""Dilation"", ""SE1""], [1, 1, ""Dilation"", ""SE6""], [1, 1, ""Erosion"", ""SE1""], [1, 1, ""Erosion"", ""SE6""], [1, 3, ""Dilation"", ""SE3""], [1, 3, ""Erosion"", ""SE3""], [2, 1, ""Dilation"", ""SE2""], [2, 1, ""Dilation"", ""SE5""], [2, 1, ""Erosion"", ""SE2""], [2, 1, ""Erosion"", ""SE5""], [2, 3, ""Dilation"", ""SE3""], [2, 3, ""Erosion"", ""SE3""]]"
Task072,0.1312,"[[0, 1, ""Dilation"", ""SE1""], [0, 1, ""Dilation"", ""SE1""], [0, 1, ""Erosion"", ""SE1""], [0, 1, ""Erosion"", ""SE1""], [0, 4, ""Dilation"", ""SE4""], [0, 4, ""Erosion"", ""SE4""], [1, 1, ""Dilation"", ""SE1""], [1, 1, ""Dilation"", ""SE1""], [1, 1, ""Erosion"", ""SE1""], [1, 1, ""Erosion"", ""SE1""], [1, 4, ""Dilation"", ""SE4""], [1, 4, ""Erosion"", ""SE4""], [2, 1, ""Dilation"", ""SE1""], [2, 1, ""Dilation"", ""SE1""], [2, 1, ""Erosion"", ""SE1""], [2, 1, ""Erosion"", ""SE1""], [2, 4, ""Dilation"", ""SE4""], [2, 4, ""Erosion"", ""SE4""]]"
Task073,0.1725,"[[0, 1, ""Dilation"", ""SE2""], [0, 1, ""Dilation"", ""SE4""], [0, 1, ""Erosion"", ""SE2""], [0, 1, ""Erosion"", ""SE4""], [0, 3, ""Dilation"", ""SE6""], [0, 3, ""Erosion"", ""SE6""], [1, 1, ""Dilation"", ""SE2""], [1, 1, ""Dilation"", ""SE5""], [1, 1, ""Erosion"", ""SE2""], [1, 1, ""Erosion"", ""SE5""], [1, 3, ""Dilation"", ""SE6""], [1, 3, ""Erosion"", ""SE6""], [2, 1, ""Dilation"", ""SE2""], [2, 1, ""Dilation"", ""SE5""], [2, 1, ""Erosion"", ""SE2""], [2, 1, ""Erosion"", ""SE5""], [2, 3, ""Dilation"", ""SE6""], [2, 3, ""Erosion"", ""SE6""]]"
Task074,0.1764,"[[0, 1, ""Dilation"", ""SE2""], [0, 1, ""Dilation"", ""SE6""], [0, 1, ""Erosion"", ""SE2""], [0, 1, ""Erosion"", ""SE6""], [0, 2, ""Dilation"", ""SE5""], [0, 2, ""Erosion"", ""SE5""], [1, 1, ""Dilation"", ""SE1""], [1, 1, ""Dilation"", ""SE2""], [1, 1, ""Erosion"", ""SE1""], [1, 1, ""Erosion"", ""SE2""], [1, 2, ""Dilation"", ""SE5""], [1, 2, ""Erosion"", ""SE5""], [2, 1, ""Dilation"", ""SE1""], [2, 1, ""Dilation"", ""SE1""], [2, 1, ""Erosion"", ""SE1""], [2, 1, ""Erosion"", ""SE1""], [2, 2, ""Dilation"", ""SE5""], [2, 2, ""Erosion"", ""SE5""]]"
Task075,0.2024,"[[0, 1, ""Dilation"", ""SE5""], [0, 1, ""Dilation"", ""SE6""], [0, 1, ""Erosion"", ""SE5""], [0, 1, ""Erosion"", ""SE6""], [0, 4, ""Dilation"", ""SE6""], [0, 4, ""Erosion"", ""SE6""], [1, 1, ""Dilation"", ""SE1""], [1, 1, ""Dilation"", ""SE8""], [1, 1, ""Erosion"", ""SE1""], [1, 1, ""Erosion"", ""SE8""], [1, 4, ""Dilation"", ""SE6""], [1, 4, ""Erosion"", ""SE6""], [2, 1, ""Dilation"", ""SE6""], [2, 1, ""Dilation"", ""SE8""], [2, 1, ""Erosion"", ""SE6""], [2, 1, ""Erosion"", ""SE8""], [2, 4, ""Dilation"", ""SE6""], [2, 4, ""Erosion"", ""SE6""]]"
Task076,0.1653,"[[0, 1, ""Dilation"", ""SE4""], [0, 1, ""Dilation"", ""SE6""], [0, 1, ""Erosion"", ""SE4""], [0, 1, ""Erosion"", ""SE6""], [0, 4, ""Dilation"", ""SE5""], [0, 4, ""Erosion"", ""SE5""], [1, 1, ""Dilation"", ""SE1""], [1, 1, ""Dilation"", ""SE1""], [1, 1, ""Erosion"", ""SE1""], [1, 1, ""Erosion"", ""SE1""], [1, 4, ""Dilation"", ""SE5""], [1, 4, ""Erosion"", ""SE5""], [2, 1, ""Dilation"", ""SE1""], [2, 1, ""Dilation"", ""SE2""], [2, 1, ""Erosion"", ""SE1""], [2, 1, ""Erosion"", ""SE2""], [2, 4, ""Dilation"", ""SE5""], [2, 4, ""Erosion"", ""SE5""]]"
Task077,0.1298,"[[0, 1, ""Dilation"", ""SE1""], [0, 1, ""Dilation"", ""SE2""], [0, 1, ""Erosion"", ""SE1""], [0, 1, ""Erosion"", ""SE2""], [0, 3, ""Dilation"", ""SE4""], [0, 3, ""Erosion"", ""SE4""], [1, 1, ""Dilation"", ""SE2""], [1, 1, ""Dilation"", ""SE6""], [1, 1, ""Erosion"", ""SE2""], [1, 1, ""Erosion"", ""SE6""], [1, 3, ""Dilation"", ""SE4""], [1, 3, ""Erosion"", ""SE4""], [2, 1, ""Dilation"", ""SE1""], [2, 1, ""Dilation"", ""SE1""], [2, 1, ""Erosion"", ""SE1""], [2, 1, ""Erosion"", ""SE1""], [2, 3, ""Dilation"", ""SE4""], [2, 3, ""Erosion"", ""SE4""]]"
Task078,0.1577,"[[0, 1, ""Dilation"", ""SE2""], [0, 1, ""Dilation"", ""SE4""], [0, 1, ""Erosion"", ""SE2""], [0, 1, ""Erosion"", ""SE4""], [0, 2, ""Dilation"", ""SE5""], [0, 2, ""Erosion"", ""SE5""], [1, 1, ""Dilation"", ""SE4""], [1, 1, ""Dilation"", ""SE6""], [1, 1, ""Erosion"", ""SE4""], [1, 1, ""Erosion"", ""SE6""], [1, 2, ""Dilation"", ""SE5""], [1, 2, ""Erosion"", ""SE5""], [2, 1, ""Dilation"", ""SE1""], [2, 1, ""Dilation"", ""SE2""], [2, 1, ""Erosion"", ""SE1""], [2, 1, ""Erosion"", ""SE2""], [2, 2, ""Dilation"", ""SE5""], [2, 2, ""Erosion"", ""SE5""]]"
Task079,0.1532,"[[0, 1, ""Dilation"", ""SE1""], [0, 1, ""Dilation"", ""SE6""], [0, 1, ""Erosion"", ""SE1""], [0, 1, ""Erosion"", ""SE6""], [0, 4, ""Dilation"", ""SE5""], [0, 4, ""Erosion"", ""SE5""], [1, 1, ""Dilation"", ""SE1""], [1, 1, ""Dilation"", ""SE4""], [1, 1, ""Erosion"", ""SE1""], [1, 1, ""Erosion"", ""SE4""], [1, 4, ""Dilation"", ""SE5""], [1, 4, ""Erosion"", ""SE5""], [2, 1, ""Dilation"", ""SE2""], [2, 1, ""Dilation"", ""SE5""], [2, 1, ""Erosion"", ""SE2""], [2, 1, ""Erosion"", ""SE5""], [2, 4, ""Dilation"", ""SE5""], [2, 4, ""Erosion"", ""SE5""]]"
Task080,0.2551,"[[0, 1, ""Dilation"", ""SE1""], [0, 1, ""Dilation"", ""SE8""], [0, 1, ""Erosion"", ""SE1""], [0, 1, ""Erosion"", ""SE8""], [0, 2, ""Dilation"", ""SE7""], [0, 2, ""Erosion"", ""SE7""], [1, 1, ""Dilation"", ""SE1""], [1, 1, ""Dilation"", ""SE8""], [1, 1, ""Erosion"", ""SE1""], [1, 1, ""Erosion"", ""SE8""], [1, 2, ""Dilation"", ""SE7""], [1, 2, ""Erosion"", ""SE7""], [2, 1, ""Dilation"", ""SE2""], [2, 1, ""Dilation"", ""SE4""], [2, 1, ""Erosion"", ""SE2""], [2, 1, ""Erosion"", ""SE4""], [2, 2, ""Dilation"", ""SE7""], [2, 2, ""Erosion"", ""SE7""]]"
Task081,0.1527,"[[0, 1, ""Dilation"", ""SE1""], [0, 1, ""Dilation"", ""SE7""], [0, 1, ""Erosion"", ""SE1""], [0, 1, ""Erosion"", ""SE7""], [0, 3, ""Dilation"", ""SE5""], [0, 3, ""Erosion"", ""SE5""], [1, 1, ""Dilation"", ""SE2""], [1, 1, ""Dilation"", ""SE6""], [1, 1, ""Erosion"", ""SE2""], [1, 1, ""Erosion"", ""SE6""], [1, 3, ""Dilation"", ""SE5""], [1, 3, ""Erosion"", ""SE5""], [2, 1, ""Dilation"", ""SE2""], [2, 1, ""Dilation"", ""SE6""], [2, 1, ""Erosion"", ""SE2""], [2, 1, ""Erosion"", ""SE6""], [2, 3, ""Dilation"", ""SE5""], [2, 3, ""Erosion"", ""SE5""]]"
Task082,0.1897,"[[0, 1, ""Dilation"", ""SE1""], [0, 1, ""Dilation"", ""SE4""], [0, 1, ""Erosion"", ""SE1""], [0, 1, ""Erosion"", ""SE4""], [0, 4, ""Dilation"", ""SE6""], [0, 4, ""Erosion"", ""SE6""], [1, 1, ""Dilation"", ""SE5""], [1, 1, ""Dilation"", ""SE5""], [1, 1, ""Erosion"", ""SE5""], [1, 1, ""Erosion"", ""SE5""], [1, 4, ""Dilation"", ""SE6""], [1, 4, ""Erosion"", ""SE6""], [2, 1, ""Dilation"", ""SE1""], [2, 1, ""Dilation"", ""SE5""], [2, 1, ""Erosion"", ""SE1""], [2, 1, ""Erosion"", ""SE5""], [2, 4, ""Dilation"", ""SE6""], [2, 4, ""Erosion"", ""SE6""]]"
Task083,0.1354,"[[0, 1, ""Dilation"", ""SE2""], [0, 1, ""Dilation"", ""SE6""], [0, 1, ""Erosion"", ""SE2""], [0, 1, ""Erosion"", ""SE6""], [0, 2, ""Dilation"", ""SE5""], [0, 2, ""Erosion"", ""SE5""], [1, 1, ""Dilation"", ""SE1""], [1, 1, ""Dilation"", ""SE4""], [1, 1, ""Erosion"", ""SE1""], [1, 1, ""Erosion"", ""SE4""], [1, 2, ""Dilation"", ""SE5""], [1, 2, ""Erosion"", ""SE5""], [2, 1, ""Dilation"", ""SE1""], [2, 1, ""Dilation"", ""SE8""], [2, 1, ""Erosion"", ""SE1""], [2, 1, ""Erosion"", ""SE8""], [2, 2, ""Dilation"", ""SE5""], [2, 2, ""Erosion"", ""SE5""]]"
Task084,0.0534,"[[0, 1, ""Dilation"", ""SE2""], [0, 1, ""Dilation"", ""SE4""], [0, 1, ""Erosion"", ""SE2""], [0, 1, ""Erosion"", ""SE4""], [0, 2, ""Dilation"", ""SE2""], [0, 2, ""Erosion"", ""SE2""], [1, 1, ""Dilation"", ""SE1""], [1, 1, ""Dilation"", ""SE4""], [1, 1, ""Erosion"", ""SE1""], [1, 1, ""Erosion"", ""SE4""], [1, 2, ""Dilation"", ""SE2""], [1, 2, ""Erosion"", ""SE2""], [2, 1, ""Dilation"", ""SE1""], [2, 1, ""Dilation"", ""SE5""], [2, 1, ""Erosion"", ""SE1""], [2, 1, ""Erosion"", ""SE5""], [2, 2, ""Dilation"", ""SE2""], [2, 2, ""Erosion"", ""SE2""]]"
Task085,0.2421,"[[0, 1, ""Dilation"", ""SE7""], [0, 1, ""Dilation"", ""SE7""], [0, 1, ""Erosion"", ""SE7""], [0, 1, ""Erosion"", ""SE7""], [0, 3, ""Dilation"", ""SE8""], [0, 3, ""Erosion"", ""SE8""], [1, 1, ""Dilation"", ""SE5""], [1, 1, ""Dilation"", ""SE8""], [1, 1, ""Erosion"", ""SE5""], [1, 1, ""Erosion"", ""SE8""], [1, 3, ""Dilation"", ""SE8""], [1, 3, ""Erosion"", ""SE8""], [2, 1, ""Dilation"", ""SE2""], [2, 1, ""Dilation"", ""SE8""], [2, 1, ""Erosion"", ""SE2""], [2, 1, ""Erosion"", ""SE8""], [2, 3, ""Dilation"", ""SE8""], [2, 3, ""Erosion"", ""SE8""]]"
Task086,0.0537,"[[0, 1, ""Dilation"", ""SE1""], [0, 1, ""Dilation"", ""SE8""], [0, 1, ""Erosion"", ""SE1""], [0, 1, ""Erosion"", ""SE8""], [0, 4, ""Dilation"", ""SE2""], [0, 4, ""Erosion"", ""SE2""], [1, 1, ""Dilation"", ""SE1""], [1, 1, ""Dilation"", ""SE1""], [1, 1, ""Erosion"", ""SE1""], [1, 1, ""Erosion"", ""SE1""], [1, 4, ""Dilation"", ""SE2""], [1, 4, ""Erosion"", ""SE2""], [2, 1, ""Dilation"", ""SE1""], [2, 1, ""Dilation"", ""SE2""], [2, 1, ""Erosion"", ""SE1""], [2, 1, ""Erosion"", ""SE2""], [2, 4, ""Dilation"", ""SE2""], [2, 4, ""Erosion"", ""SE2""]]"
Task087,0.0235,"[[0, 1, ""Dilation"", ""SE2""], [0, 1, ""Dilation"", ""SE4""], [0, 1, ""Erosion"", ""SE2""], [0, 1, ""Erosion"", ""SE4""], [0, 3, ""Dilation"", ""SE1""], [0, 3, ""Erosion"", ""SE1""], [1, 1, ""Dilation"", ""SE4""], [1, 1, ""Dilation"", ""SE8""], [1, 1, ""Erosion"", ""SE4""], [1, 1, ""Erosion"", ""SE8""], [1, 3, ""Dilation"", ""SE1""], [1, 3, ""Erosion"", ""SE1""], [2, 1, ""Dilation"", ""SE2""], [2, 1, ""Dilation"", ""SE6""], [2, 1, ""Erosion"", ""SE2""], [2, 1, ""Erosion"", ""SE6""], [2, 3, ""Dilation"", ""SE1""], [2, 3, ""Erosion"", ""SE1""]]"
Task088,0.2219,"[[0, 1, ""Dilation"", ""SE1""], [0, 1, ""Dilation"", ""SE4""], [0, 1, ""Erosion"", ""SE1""], [0, 1, ""Erosion"", ""SE4""], [0, 4, ""Dilation"", ""SE7""], [0, 4, ""Erosion"", ""SE7""], [1, 1, ""Dilation"", ""SE7""], [1, 1, ""Dilation"", ""SE8""], [1, 1, ""Erosion"", ""SE7""], [1, 1, ""Erosion"", ""SE8""], [1, 4, ""Dilation"", ""SE7""], [1, 4, ""Erosion"", ""SE7""], [2, 1, ""Dilation"", ""SE1""], [2, 1, ""Dilation"", ""SE6""], [2, 1, ""Erosion"", ""SE1""], [2, 1, ""Erosion"", ""SE6""], [2, 4, ""Dilation"", ""SE7""], [2, 4, ""Erosion"", ""SE7""]]"
Task089,0.0101,"[[0, 1, ""Dilation"", ""SE1""], [0, 1, ""Dilation"", ""SE6""], [0, 1, ""Erosion"", ""SE1""], [0, 1, ""Erosion"", ""SE6""], [0, 2, ""Dilation"", ""SE1""], [0, 2, ""Erosion"", ""SE1""], [1, 1, ""Dilation"", ""SE1""], [1, 1, ""Dilation"", ""SE7""], [1, 1, ""Erosion"", ""SE1""], [1, 1, ""Erosion"", ""SE7""], [1, 2, ""Dilation"", ""SE1""], [1, 2, ""Erosion"", ""SE1""], [2, 1, ""Dilation"", ""SE1""], [2, 1, ""Dilation"", ""SE1""], [2, 1, ""Erosion"", ""SE1""], [2, 1, ""Erosion"", ""SE1""], [2, 2, ""Dilation"", ""SE1""], [2, 2, ""Erosion"", ""SE1""]]"
Task090,0.0514,"[[0, 1, ""Dilation"", ""SE4""], [0, 1, ""Dilation"", ""SE7""], [0, 1, ""Erosion"", ""SE4""], [0, 1, ""Erosion"", ""SE7""], [0, 2, ""Dilation"", ""SE2""], [0, 2, ""Erosion"", ""SE2""], [1, 1, ""Dilation"", ""SE1""], [1, 1, ""Dilation"", ""SE6""], [1, 1, ""Erosion"", ""SE1""], [1, 1, ""Erosion"", ""SE6""], [1, 2, ""Dilation"", ""SE2""], [1, 2, ""Erosion"", ""SE2""], [2, 1, ""Dilation"", ""SE2""], [2, 1, ""Dilation"", ""SE7""], [2, 1, ""Erosion"", ""SE2""], [2, 1, ""Erosion"", ""SE7""], [2, 2, ""Dilation"", ""SE2""], [2, 2, ""Erosion"", ""SE2""]]"
Task091,0.061,"[[0, 1, ""Dilation"", ""SE2""], [0, 1, ""Dilation"", ""SE2""], [0, 1, ""Erosion"", ""SE2""], [0, 1, ""Erosion"", ""SE2""], [0, 4, ""Dilation"", ""SE2""], [0, 4, ""Erosion"", ""SE2""], [1, 1, ""Dilation"", ""SE1""], [1, 1, ""Dilation"", ""SE7""], [1, 1, ""Erosion"", ""SE1""], [1, 1, ""Erosion"", ""SE7""], [1, 4, ""Dilation"", ""SE2""], [1, 4, ""Erosion"", ""SE2""], [2, 1, ""Dilation"", ""SE1""], [2, 1, ""Dilation"", ""SE2""], [2, 1, ""Erosion"", ""SE1""], [2, 1, ""Erosion"", ""SE2""], [2, 4, ""Dilation"", ""SE2""], [2, 4, ""Erosion"", ""SE2""]]"
Task092,0.1304,"[[0, 1, ""Dilation"", ""SE1""], [0, 1, ""Dilation"", ""SE2""], [0, 1, ""Erosion"", ""SE1""], [0, 1, ""Erosion"", ""SE2""], [0, 4, ""Dilation"", ""SE4""], [0, 4, ""Erosion"", ""SE4""], [1, 1, ""Dilation"", ""SE1""], [1, 1, ""Dilation"", ""SE6""], [1, 1, ""Erosion"", ""SE1""], [1, 1, ""Erosion"", ""SE6""], [1, 4, ""Dilation"", ""SE4""], [1, 4, ""Erosion"", ""SE4""], [2, 1, ""Dilation"", ""SE1""], [2, 1, ""Dilation"", ""SE2""], [2, 1, ""Erosion"", ""SE1""], [2, 1, ""Erosion"", ""SE2""], [2, 4, ""Dilation"", ""SE4""], [2, 4, ""Erosion"", ""SE4""]]"
Task093,0.1453,"[[0, 1, ""Dilation"", ""SE1""], [0, 1, ""Dilation"", ""SE2""], [0, 1, ""Erosion"", ""SE1""], [0, 1, ""Erosion"", ""SE2""], [0, 2, ""Dilation"", ""SE4""], [0, 2, ""Erosion"", ""SE4""], [1, 1, ""Dilation"", ""SE1""], [1, 1, ""Dilation"", ""SE3""], [1, 1, ""Erosion"", ""SE1""], [1, 1, ""Erosion"", ""SE3""], [1, 2, ""Dilation"", ""SE4""], [1, 2, ""Erosion"", ""SE4""], [2, 1, ""Dilation"", ""SE1""], [2, 1, ""Dilation"", ""SE5""], [2, 1, ""Erosion"", ""SE1""], [2, 1, ""Erosion"", ""SE5""], [2, 2, ""Dilation"", ""SE4""], [2, 2, ""Erosion"", ""SE4""]]"
Task094,0.2117,"[[0, 1, ""Dilation"", ""SE1""], [0, 1, ""Dilation"", ""SE4""], [0, 1, ""Erosion"", ""SE1""], [0, 1, ""Erosion"", ""SE4""], [0, 4, ""Dilation"", ""SE7""], [0, 4, ""Erosion"", ""SE7""], [1, 1, ""Dilation"", ""SE1""], [1, 1, ""Dilation"", ""SE2""], [1, 1, ""Erosion"", ""SE1""], [1, 1, ""Erosion"", ""SE2""], [1, 4, ""Dilation"", ""SE7""], [1, 4, ""Erosion"", ""SE7""], [2, 1, ""Dilation"", ""SE1""], [2, 1, ""Dilation"", ""SE2""], [2, 1, ""Erosion"", ""SE1""], [2, 1, ""Erosion"", ""SE2""], [2, 4, ""Dilation"", ""SE7""], [2, 4, ""Erosion"", ""SE7""]]"
Task095,0.023,"[[0, 1, ""Dilation"", ""SE2""], [0, 1, ""Dilation"", ""SE7""], [0, 1, ""Erosion"", ""SE2""], [0, 1, ""Erosion"", ""SE7""], [0, 3, ""Dilation"", ""SE1""], [0, 3, ""Erosion"", ""SE1""], [1, 1, ""Dilation"", ""SE1""], [1, 1, ""Dilation"", ""SE7""], [1, 1, ""Erosion"", ""SE1""], [1, 1, ""Erosion"", ""SE7""], [1, 3, ""Dilation"", ""SE1""], [1, 3, ""Erosion"", ""SE1""], [2, 1, ""Dilation"", ""SE1""], [2, 1, ""Dilation"", ""SE7""], [2, 1, ""Erosion"", ""SE1""], [2, 1, ""Erosion"", ""SE7""], [2, 3, ""Dilation"", ""SE1""], [2, 3, ""Erosion"", ""SE1""]]"
Task096,0.1482,"[[0, 1, ""Dilation"", ""SE1""], [0, 1, ""Dilation"", ""SE2""], [0, 1, ""Erosion"", ""SE1""], [0, 1, ""Erosion"", ""SE2""], [0, 4, ""Dilation"", ""SE5""], [0, 4, ""Erosion"", ""SE5""], [1, 1, ""Dilation"", ""SE1""], [1, 1, ""Dilation"", ""SE7""], [1, 1, ""Erosion"", ""SE1""], [1, 1, ""Erosion"", ""SE7""], [1, 4, ""Dilation"", ""SE5""], [1, 4, ""Erosion"", ""SE5""], [2, 1, ""Dilation"", ""SE2""], [2, 1, ""Dilation"", ""SE8""], [2, 1, ""Erosion"", ""SE2""], [2, 1, ""Erosion"", ""SE8""], [2, 4, ""Dilation"", ""SE5""], [2, 4, ""Erosion"", ""SE5""]]"
Task097,0.3456,"[[0, 1, ""Dilation"", ""SE1""], [0, 1, ""Dilation"", ""SE1""], [0, 1, ""Erosion"", ""SE1""], [0, 1, ""Erosion"", ""SE1""], [0, 3, ""Dilation"", ""SE6""], [0, 3, ""Erosion"", ""SE6""], [1, 1, ""Dilation"", ""SE4""], [1, 1, ""Dilation"", ""SE5""], [1, 1, ""Erosion"", ""SE4""], [1, 1, ""Erosion"", ""SE5""], [1, 3, ""Dilation"", ""SE6""], [1, 3, ""Erosion"", ""SE6""], [2, 1, ""Dilation"", ""SE1""], [2, 1, ""Dilation"", ""SE2""], [2, 1, ""Erosion"", ""SE1""], [2, 1, ""Erosion"", ""SE2""], [2, 3, ""Dilation"", ""SE6""], [2, 3, ""Erosion"", ""SE6""]]"
Task098,0.1781,"[[0, 1, ""Dilation"", ""SE5""], [0, 1, ""Dilation"", ""SE6""], [0, 1, ""Erosion"", ""SE5""], [0, 1, ""Erosion"", ""SE6""], [0, 2, ""Dilation"", ""SE6""], [0, 2, ""Erosion"", ""SE6""], [1, 1, ""Dilation"", ""SE4""], [1, 1, ""Dilation"", ""SE7""], [1, 1, ""Erosion"", ""SE4""], [1, 1, ""Erosion"", ""SE7""], [1, 2, ""Dilation"", ""SE6""], [1, 2, ""Erosion"", ""SE6""], [2, 1, ""Dilation"", ""SE2""], [2, 1, ""Dilation"", ""SE2""], [2, 1, ""Erosion"", ""SE2""], [2, 1, ""Erosion"", ""SE2""], [2, 2, ""Dilation"", ""SE6""], [2, 2, ""Erosion"", ""SE6""]]"
Task099,0.1823,"[[0, 1, ""Dilation"", ""SE1""], [0, 1, ""Dilation"", ""SE1""], [0, 1, ""Erosion"", ""SE1""], [0, 1, ""Erosion"", ""SE1""], [0, 4, ""Dilation"", ""SE6""], [0, 4, ""Erosion"", ""SE6""], [1, 1, ""Dilation"", ""SE5""], [1, 1, ""Dilation"", ""SE6""], [1, 1, ""Erosion"", ""SE5""], [1, 1, ""Erosion"", ""SE6""], [1, 4, ""Dilation"", ""SE6""], [1, 4, ""Erosion"", ""SE6""], [2, 1, ""Dilation"", ""SE2""], [2, 1, ""Dilation"", ""SE6""], [2, 1, ""Erosion"", ""SE2""], [2, 1, ""Erosion"", ""SE6""], [2, 4, ""Dilation"", ""SE6""], [2, 4, ""Erosion"", ""SE6""]]"
