task_id,solution,time_taken
Task021,"[[1, ""Dilation"", ""SE7""], [1, ""Dilation"", ""SE5""], [1, ""Dilation"", ""SE3""], [1, ""Dilation"", ""SE3""], [1, ""Erosion"", ""SE7""], [1, ""Erosion"", ""SE5""], [1, ""Erosion"", ""SE3""], [1, ""Erosion"", ""SE3""], [2, ""Dilation"", ""SE6""], [2, ""Dilation"", ""SE1""], [2, ""Dilation"", ""SE7""], [2, ""Dilation"", ""SE5""], [2, ""Erosion"", ""SE6""], [2, ""Erosion"", ""SE1""], [2, ""Erosion"", ""SE7""], [2, ""Erosion"", ""SE5""], [3, ""Dilation"", ""SE7""], [3, ""Dilation"", ""SE8""], [3, ""Dilation"", ""SE4""], [3, ""Dilation"", ""SE5""], [3, ""Erosion"", ""SE7""], [3, ""Erosion"", ""SE8""], [3, ""Erosion"", ""SE4""], [3, ""Erosion"", ""SE5""], [None, ""color_rule"", [[0, 0, 0, 0], [0, 0, 1, 2], [0, 1, 0, 1], [0, 1, 1, 1], [1, 0, 0, 1], [1, 0, 1, 1], [1, 1, 0, 1], [1, 1, 1, 1]]]]",88.03380393981934
Task025,"[[1, ""Dilation"", ""SE4""], [1, ""Dilation"", ""SE1""], [1, ""Dilation"", ""SE8""], [1, ""Dilation"", ""SE1""], [1, ""Erosion"", ""SE4""], [1, ""Erosion"", ""SE1""], [1, ""Erosion"", ""SE8""], [1, ""Erosion"", ""SE1""], [2, ""Dilation"", ""SE4""], [2, ""Dilation"", ""SE4""], [2, ""Dilation"", ""SE3""], [2, ""Dilation"", ""SE2""], [2, ""Erosion"", ""SE4""], [2, ""Erosion"", ""SE4""], [2, ""Erosion"", ""SE3""], [2, ""Erosion"", ""SE2""], [3, ""Dilation"", ""SE5""], [3, ""Dilation"", ""SE8""], [3, ""Dilation"", ""SE5""], [3, ""Dilation"", ""SE3""], [3, ""Erosion"", ""SE5""], [3, ""Erosion"", ""SE8""], [3, ""Erosion"", ""SE5""], [3, ""Erosion"", ""SE3""], [None, ""color_rule"", [[0, 0, 0, 0], [0, 0, 1, 2], [0, 1, 0, 3], [0, 1, 1, 1], [1, 0, 0, 3], [1, 0, 1, 1], [1, 1, 0, 2], [1, 1, 1, 1]]]]",97.83881115913391
Task026,"[[1, ""Dilation"", ""SE2""], [1, ""Dilation"", ""SE8""], [1, ""Dilation"", ""SE6""], [1, ""Dilation"", ""SE2""], [1, ""Erosion"", ""SE2""], [1, ""Erosion"", ""SE8""], [1, ""Erosion"", ""SE6""], [1, ""Erosion"", ""SE2""], [2, ""Dilation"", ""SE5""], [2, ""Dilation"", ""SE2""], [2, ""Dilation"", ""SE3""], [2, ""Dilation"", ""SE2""], [2, ""Erosion"", ""SE5""], [2, ""Erosion"", ""SE2""], [2, ""Erosion"", ""SE3""], [2, ""Erosion"", ""SE2""], [3, ""Dilation"", ""SE1""], [3, ""Dilation"", ""SE8""], [3, ""Dilation"", ""SE8""], [3, ""Dilation"", ""SE7""], [3, ""Erosion"", ""SE1""], [3, ""Erosion"", ""SE8""], [3, ""Erosion"", ""SE8""], [3, ""Erosion"", ""SE7""], [None, ""color_rule"", [[0, 0, 0, 0], [0, 0, 1, 3], [0, 1, 0, 2], [0, 1, 1, 1], [1, 0, 0, 1], [1, 0, 1, 1], [1, 1, 0, 1], [1, 1, 1, 1]]]]",30.750821352005005
Task080,"[[1, ""Dilation"", ""SE7""], [1, ""Dilation"", ""SE5""], [1, ""Dilation"", ""SE6""], [1, ""Dilation"", ""SE5""], [1, ""Erosion"", ""SE7""], [1, ""Erosion"", ""SE5""], [1, ""Erosion"", ""SE6""], [1, ""Erosion"", ""SE5""], [2, ""Dilation"", ""SE5""], [2, ""Dilation"", ""SE7""], [2, ""Dilation"", ""SE8""], [2, ""Dilation"", ""SE2""], [2, ""Erosion"", ""SE5""], [2, ""Erosion"", ""SE7""], [2, ""Erosion"", ""SE8""], [2, ""Erosion"", ""SE2""], [3, ""Dilation"", ""SE8""], [3, ""Dilation"", ""SE6""], [3, ""Dilation"", ""SE4""], [3, ""Dilation"", ""SE6""], [3, ""Erosion"", ""SE8""], [3, ""Erosion"", ""SE6""], [3, ""Erosion"", ""SE4""], [3, ""Erosion"", ""SE6""], [None, ""color_rule"", [[0, 0, 0, 0], [0, 0, 1, 3], [0, 1, 0, 2], [0, 1, 1, 1], [1, 0, 0, 1], [1, 0, 1, 1], [1, 1, 0, 1], [1, 1, 1, 1]]]]",132.27555632591248
Task016,"[[1, ""Dilation"", ""SE6""], [1, ""Dilation"", ""SE4""], [1, ""Dilation"", ""SE8""], [1, ""Dilation"", ""SE8""], [1, ""Erosion"", ""SE6""], [1, ""Erosion"", ""SE4""], [1, ""Erosion"", ""SE8""], [1, ""Erosion"", ""SE8""], [2, ""Dilation"", ""SE1""], [2, ""Dilation"", ""SE8""], [2, ""Dilation"", ""SE4""], [2, ""Dilation"", ""SE3""], [2, ""Erosion"", ""SE1""], [2, ""Erosion"", ""SE8""], [2, ""Erosion"", ""SE4""], [2, ""Erosion"", ""SE3""], [3, ""Dilation"", ""SE4""], [3, ""Dilation"", ""SE4""], [3, ""Dilation"", ""SE1""], [3, ""Dilation"", ""SE8""], [3, ""Erosion"", ""SE4""], [3, ""Erosion"", ""SE4""], [3, ""Erosion"", ""SE1""], [3, ""Erosion"", ""SE8""], [None, ""color_rule"", [[0, 0, 0, 0], [0, 0, 1, 1], [0, 1, 0, 2], [0, 1, 1, 1], [1, 0, 0, 3], [1, 0, 1, 1], [1, 1, 0, 1], [1, 1, 1, 1]]]]",166.35472559928894
Task058,"[[1, ""Dilation"", ""SE2""], [1, ""Dilation"", ""SE7""], [1, ""Dilation"", ""SE7""], [1, ""Dilation"", ""SE2""], [1, ""Erosion"", ""SE2""], [1, ""Erosion"", ""SE7""], [1, ""Erosion"", ""SE7""], [1, ""Erosion"", ""SE2""], [2, ""Dilation"", ""SE6""], [2, ""Dilation"", ""SE7""], [2, ""Dilation"", ""SE2""], [2, ""Dilation"", ""SE3""], [2, ""Erosion"", ""SE6""], [2, ""Erosion"", ""SE7""], [2, ""Erosion"", ""SE2""], [2, ""Erosion"", ""SE3""], [3, ""Dilation"", ""SE5""], [3, ""Dilation"", ""SE6""], [3, ""Dilation"", ""SE1""], [3, ""Dilation"", ""SE8""], [3, ""Erosion"", ""SE5""], [3, ""Erosion"", ""SE6""], [3, ""Erosion"", ""SE1""], [3, ""Erosion"", ""SE8""], [None, ""color_rule"", [[0, 0, 0, 0], [0, 0, 1, 2], [0, 1, 0, 3], [0, 1, 1, 1], [1, 0, 0, 3], [1, 0, 1, 1], [1, 1, 0, 1], [1, 1, 1, 1]]]]",82.13221836090088
Task061,"[[1, ""Dilation"", ""SE7""], [1, ""Dilation"", ""SE7""], [1, ""Dilation"", ""SE4""], [1, ""Dilation"", ""SE3""], [1, ""Erosion"", ""SE7""], [1, ""Erosion"", ""SE7""], [1, ""Erosion"", ""SE4""], [1, ""Erosion"", ""SE3""], [2, ""Dilation"", ""SE6""], [2, ""Dilation"", ""SE2""], [2, ""Dilation"", ""SE4""], [2, ""Dilation"", ""SE2""], [2, ""Erosion"", ""SE6""], [2, ""Erosion"", ""SE2""], [2, ""Erosion"", ""SE4""], [2, ""Erosion"", ""SE2""], [3, ""Dilation"", ""SE5""], [3, ""Dilation"", ""SE6""], [3, ""Dilation"", ""SE7""], [3, ""Dilation"", ""SE4""], [3, ""Erosion"", ""SE5""], [3, ""Erosion"", ""SE6""], [3, ""Erosion"", ""SE7""], [3, ""Erosion"", ""SE4""], [None, ""color_rule"", [[0, 0, 0, 0], [0, 0, 1, 3], [0, 1, 0, 2], [0, 1, 1, 1], [1, 0, 0, 1], [1, 0, 1, 1], [1, 1, 0, 1], [1, 1, 1, 1]]]]",22.607128143310547
Task070,"[[1, ""Dilation"", ""SE5""], [1, ""Dilation"", ""SE4""], [1, ""Dilation"", ""SE5""], [1, ""Dilation"", ""SE6""], [1, ""Erosion"", ""SE5""], [1, ""Erosion"", ""SE4""], [1, ""Erosion"", ""SE5""], [1, ""Erosion"", ""SE6""], [2, ""Dilation"", ""SE5""], [2, ""Dilation"", ""SE3""], [2, ""Dilation"", ""SE7""], [2, ""Dilation"", ""SE1""], [2, ""Erosion"", ""SE5""], [2, ""Erosion"", ""SE3""], [2, ""Erosion"", ""SE7""], [2, ""Erosion"", ""SE1""], [3, ""Dilation"", ""SE2""], [3, ""Dilation"", ""SE8""], [3, ""Dilation"", ""SE5""], [3, ""Dilation"", ""SE8""], [3, ""Erosion"", ""SE2""], [3, ""Erosion"", ""SE8""], [3, ""Erosion"", ""SE5""], [3, ""Erosion"", ""SE8""], [None, ""color_rule"", [[0, 0, 0, 0], [0, 0, 1, 1], [0, 1, 0, 2], [0, 1, 1, 1], [1, 0, 0, 2], [1, 0, 1, 1], [1, 1, 0, 1], [1, 1, 1, 1]]]]",1223.5652072429657
Task049,"[[1, ""Dilation"", ""SE4""], [1, ""Dilation"", ""SE8""], [1, ""Dilation"", ""SE1""], [1, ""Dilation"", ""SE3""], [1, ""Erosion"", ""SE4""], [1, ""Erosion"", ""SE8""], [1, ""Erosion"", ""SE1""], [1, ""Erosion"", ""SE3""], [2, ""Dilation"", ""SE6""], [2, ""Dilation"", ""SE7""], [2, ""Dilation"", ""SE6""], [2, ""Dilation"", ""SE5""], [2, ""Erosion"", ""SE6""], [2, ""Erosion"", ""SE7""], [2, ""Erosion"", ""SE6""], [2, ""Erosion"", ""SE5""], [3, ""Dilation"", ""SE6""], [3, ""Dilation"", ""SE8""], [3, ""Dilation"", ""SE2""], [3, ""Dilation"", ""SE1""], [3, ""Erosion"", ""SE6""], [3, ""Erosion"", ""SE8""], [3, ""Erosion"", ""SE2""], [3, ""Erosion"", ""SE1""], [None, ""color_rule"", [[0, 0, 0, 0], [0, 0, 1, 3], [0, 1, 0, 1], [0, 1, 1, 1], [1, 0, 0, 2], [1, 0, 1, 1], [1, 1, 0, 1], [1, 1, 1, 1]]]]",1619.2673125267029
Task037,"[[1, ""Dilation"", ""SE4""], [1, ""Dilation"", ""SE1""], [1, ""Dilation"", ""SE7""], [1, ""Dilation"", ""SE4""], [1, ""Erosion"", ""SE4""], [1, ""Erosion"", ""SE1""], [1, ""Erosion"", ""SE7""], [1, ""Erosion"", ""SE4""], [2, ""Dilation"", ""SE7""], [2, ""Dilation"", ""SE1""], [2, ""Dilation"", ""SE8""], [2, ""Dilation"", ""SE3""], [2, ""Erosion"", ""SE7""], [2, ""Erosion"", ""SE1""], [2, ""Erosion"", ""SE8""], [2, ""Erosion"", ""SE3""], [3, ""Dilation"", ""SE5""], [3, ""Dilation"", ""SE7""], [3, ""Dilation"", ""SE6""], [3, ""Dilation"", ""SE6""], [3, ""Erosion"", ""SE5""], [3, ""Erosion"", ""SE7""], [3, ""Erosion"", ""SE6""], [3, ""Erosion"", ""SE6""], [None, ""color_rule"", [[0, 0, 0, 0], [0, 0, 1, 1], [0, 1, 0, 3], [0, 1, 1, 1], [1, 0, 0, 1], [1, 0, 1, 1], [1, 1, 0, 1], [1, 1, 1, 1]]]]",14.461896419525146
Task055,"[[1, ""Dilation"", ""SE1""], [1, ""Dilation"", ""SE6""], [1, ""Dilation"", ""SE4""], [1, ""Dilation"", ""SE3""], [1, ""Erosion"", ""SE1""], [1, ""Erosion"", ""SE6""], [1, ""Erosion"", ""SE4""], [1, ""Erosion"", ""SE3""], [2, ""Dilation"", ""SE1""], [2, ""Dilation"", ""SE5""], [2, ""Dilation"", ""SE4""], [2, ""Dilation"", ""SE6""], [2, ""Erosion"", ""SE1""], [2, ""Erosion"", ""SE5""], [2, ""Erosion"", ""SE4""], [2, ""Erosion"", ""SE6""], [3, ""Dilation"", ""SE2""], [3, ""Dilation"", ""SE3""], [3, ""Dilation"", ""SE3""], [3, ""Dilation"", ""SE2""], [3, ""Erosion"", ""SE2""], [3, ""Erosion"", ""SE3""], [3, ""Erosion"", ""SE3""], [3, ""Erosion"", ""SE2""], [None, ""color_rule"", [[0, 0, 0, 0], [0, 0, 1, 3], [0, 1, 0, 3], [0, 1, 1, 1], [1, 0, 0, 2], [1, 0, 1, 1], [1, 1, 0, 1], [1, 1, 1, 1]]]]",1814.0627765655518
Task050,"[[1, ""Dilation"", ""SE7""], [1, ""Dilation"", ""SE3""], [1, ""Dilation"", ""SE3""], [1, ""Dilation"", ""SE4""], [1, ""Erosion"", ""SE7""], [1, ""Erosion"", ""SE3""], [1, ""Erosion"", ""SE3""], [1, ""Erosion"", ""SE4""], [2, ""Dilation"", ""SE7""], [2, ""Dilation"", ""SE2""], [2, ""Dilation"", ""SE4""], [2, ""Dilation"", ""SE8""], [2, ""Erosion"", ""SE7""], [2, ""Erosion"", ""SE2""], [2, ""Erosion"", ""SE4""], [2, ""Erosion"", ""SE8""], [3, ""Dilation"", ""SE2""], [3, ""Dilation"", ""SE3""], [3, ""Dilation"", ""SE2""], [3, ""Dilation"", ""SE6""], [3, ""Erosion"", ""SE2""], [3, ""Erosion"", ""SE3""], [3, ""Erosion"", ""SE2""], [3, ""Erosion"", ""SE6""], [None, ""color_rule"", [[0, 0, 0, 0], [0, 0, 1, 3], [0, 1, 0, 1], [0, 1, 1, 1], [1, 0, 0, 3], [1, 0, 1, 1], [1, 1, 0, 1], [1, 1, 1, 1]]]]",1704.643490076065
Task011,"[[1, ""Dilation"", ""SE4""], [1, ""Dilation"", ""SE4""], [1, ""Dilation"", ""SE3""], [1, ""Dilation"", ""SE5""], [1, ""Erosion"", ""SE4""], [1, ""Erosion"", ""SE4""], [1, ""Erosion"", ""SE3""], [1, ""Erosion"", ""SE5""], [2, ""Dilation"", ""SE4""], [2, ""Dilation"", ""SE4""], [2, ""Dilation"", ""SE1""], [2, ""Dilation"", ""SE2""], [2, ""Erosion"", ""SE4""], [2, ""Erosion"", ""SE4""], [2, ""Erosion"", ""SE1""], [2, ""Erosion"", ""SE2""], [3, ""Dilation"", ""SE1""], [3, ""Dilation"", ""SE8""], [3, ""Dilation"", ""SE4""], [3, ""Dilation"", ""SE4""], [3, ""Erosion"", ""SE1""], [3, ""Erosion"", ""SE8""], [3, ""Erosion"", ""SE4""], [3, ""Erosion"", ""SE4""], [None, ""color_rule"", [[0, 0, 0, 0], [0, 0, 1, 3], [0, 1, 0, 3], [0, 1, 1, 1], [1, 0, 0, 1], [1, 0, 1, 3], [1, 1, 0, 2], [1, 1, 1, 1]]]]",1831.6741359233856
Task065,"[[1, ""Dilation"", ""SE1""], [1, ""Dilation"", ""SE3""], [1, ""Dilation"", ""SE2""], [1, ""Dilation"", ""SE8""], [1, ""Erosion"", ""SE1""], [1, ""Erosion"", ""SE3""], [1, ""Erosion"", ""SE2""], [1, ""Erosion"", ""SE8""], [2, ""Dilation"", ""SE7""], [2, ""Dilation"", ""SE2""], [2, ""Dilation"", ""SE8""], [2, ""Dilation"", ""SE5""], [2, ""Erosion"", ""SE7""], [2, ""Erosion"", ""SE2""], [2, ""Erosion"", ""SE8""], [2, ""Erosion"", ""SE5""], [3, ""Dilation"", ""SE5""], [3, ""Dilation"", ""SE7""], [3, ""Dilation"", ""SE2""], [3, ""Dilation"", ""SE3""], [3, ""Erosion"", ""SE5""], [3, ""Erosion"", ""SE7""], [3, ""Erosion"", ""SE2""], [3, ""Erosion"", ""SE3""], [None, ""color_rule"", [[0, 0, 0, 0], [0, 0, 1, 2], [0, 1, 0, 3], [0, 1, 1, 1], [1, 0, 0, 3], [1, 0, 1, 1], [1, 1, 0, 1], [1, 1, 1, 1]]]]",1883.3129885196686
Task040,"[[1, ""Dilation"", ""SE2""], [1, ""Dilation"", ""SE3""], [1, ""Dilation"", ""SE8""], [1, ""Dilation"", ""SE1""], [1, ""Erosion"", ""SE2""], [1, ""Erosion"", ""SE3""], [1, ""Erosion"", ""SE8""], [1, ""Erosion"", ""SE1""], [2, ""Dilation"", ""SE1""], [2, ""Dilation"", ""SE8""], [2, ""Dilation"", ""SE5""], [2, ""Dilation"", ""SE2""], [2, ""Erosion"", ""SE1""], [2, ""Erosion"", ""SE8""], [2, ""Erosion"", ""SE5""], [2, ""Erosion"", ""SE2""], [3, ""Dilation"", ""SE7""], [3, ""Dilation"", ""SE6""], [3, ""Dilation"", ""SE7""], [3, ""Dilation"", ""SE5""], [3, ""Erosion"", ""SE7""], [3, ""Erosion"", ""SE6""], [3, ""Erosion"", ""SE7""], [3, ""Erosion"", ""SE5""], [None, ""color_rule"", [[0, 0, 0, 0], [0, 0, 1, 3], [0, 1, 0, 2], [0, 1, 1, 3], [1, 0, 0, 2], [1, 0, 1, 1], [1, 1, 0, 2], [1, 1, 1, 1]]]]",72.96360158920288
Task039,"[[1, ""Dilation"", ""SE6""], [1, ""Dilation"", ""SE7""], [1, ""Dilation"", ""SE5""], [1, ""Dilation"", ""SE2""], [1, ""Erosion"", ""SE6""], [1, ""Erosion"", ""SE7""], [1, ""Erosion"", ""SE5""], [1, ""Erosion"", ""SE2""], [2, ""Dilation"", ""SE6""], [2, ""Dilation"", ""SE4""], [2, ""Dilation"", ""SE3""], [2, ""Dilation"", ""SE3""], [2, ""Erosion"", ""SE6""], [2, ""Erosion"", ""SE4""], [2, ""Erosion"", ""SE3""], [2, ""Erosion"", ""SE3""], [3, ""Dilation"", ""SE5""], [3, ""Dilation"", ""SE1""], [3, ""Dilation"", ""SE7""], [3, ""Dilation"", ""SE6""], [3, ""Erosion"", ""SE5""], [3, ""Erosion"", ""SE1""], [3, ""Erosion"", ""SE7""], [3, ""Erosion"", ""SE6""], [None, ""color_rule"", [[0, 0, 0, 0], [0, 0, 1, 1], [0, 1, 0, 2], [0, 1, 1, 1], [1, 0, 0, 1], [1, 0, 1, 1], [1, 1, 0, 1], [1, 1, 1, 1]]]]",3391.2992022037506
Task094,"[[1, ""Dilation"", ""SE6""], [1, ""Dilation"", ""SE2""], [1, ""Dilation"", ""SE6""], [1, ""Dilation"", ""SE3""], [1, ""Erosion"", ""SE6""], [1, ""Erosion"", ""SE2""], [1, ""Erosion"", ""SE6""], [1, ""Erosion"", ""SE3""], [2, ""Dilation"", ""SE2""], [2, ""Dilation"", ""SE4""], [2, ""Dilation"", ""SE4""], [2, ""Dilation"", ""SE6""], [2, ""Erosion"", ""SE2""], [2, ""Erosion"", ""SE4""], [2, ""Erosion"", ""SE4""], [2, ""Erosion"", ""SE6""], [3, ""Dilation"", ""SE7""], [3, ""Dilation"", ""SE8""], [3, ""Dilation"", ""SE8""], [3, ""Dilation"", ""SE6""], [3, ""Erosion"", ""SE7""], [3, ""Erosion"", ""SE8""], [3, ""Erosion"", ""SE8""], [3, ""Erosion"", ""SE6""], [None, ""color_rule"", [[0, 0, 0, 0], [0, 0, 1, 2], [0, 1, 0, 1], [0, 1, 1, 1], [1, 0, 0, 3], [1, 0, 1, 1], [1, 1, 0, 2], [1, 1, 1, 1]]]]",632.2194952964783
Task089,"[[1, ""Dilation"", ""SE7""], [1, ""Dilation"", ""SE6""], [1, ""Dilation"", ""SE2""], [1, ""Dilation"", ""SE1""], [1, ""Erosion"", ""SE7""], [1, ""Erosion"", ""SE6""], [1, ""Erosion"", ""SE2""], [1, ""Erosion"", ""SE1""], [2, ""Dilation"", ""SE6""], [2, ""Dilation"", ""SE7""], [2, ""Dilation"", ""SE2""], [2, ""Dilation"", ""SE2""], [2, ""Erosion"", ""SE6""], [2, ""Erosion"", ""SE7""], [2, ""Erosion"", ""SE2""], [2, ""Erosion"", ""SE2""], [3, ""Dilation"", ""SE1""], [3, ""Dilation"", ""SE1""], [3, ""Dilation"", ""SE4""], [3, ""Dilation"", ""SE1""], [3, ""Erosion"", ""SE1""], [3, ""Erosion"", ""SE1""], [3, ""Erosion"", ""SE4""], [3, ""Erosion"", ""SE1""], [None, ""color_rule"", [[0, 0, 0, 0], [0, 0, 1, 2], [0, 1, 0, 1], [0, 1, 1, 1], [1, 0, 0, 1], [1, 0, 1, 1], [1, 1, 0, 1], [1, 1, 1, 1]]]]",3571.9219031333923
Task023,"[[1, ""Dilation"", ""SE5""], [1, ""Dilation"", ""SE5""], [1, ""Dilation"", ""SE2""], [1, ""Dilation"", ""SE1""], [1, ""Erosion"", ""SE5""], [1, ""Erosion"", ""SE5""], [1, ""Erosion"", ""SE2""], [1, ""Erosion"", ""SE1""], [2, ""Dilation"", ""SE2""], [2, ""Dilation"", ""SE6""], [2, ""Dilation"", ""SE8""], [2, ""Dilation"", ""SE4""], [2, ""Erosion"", ""SE2""], [2, ""Erosion"", ""SE6""], [2, ""Erosion"", ""SE8""], [2, ""Erosion"", ""SE4""], [3, ""Dilation"", ""SE4""], [3, ""Dilation"", ""SE5""], [3, ""Dilation"", ""SE4""], [3, ""Dilation"", ""SE7""], [3, ""Erosion"", ""SE4""], [3, ""Erosion"", ""SE5""], [3, ""Erosion"", ""SE4""], [3, ""Erosion"", ""SE7""], [None, ""color_rule"", [[0, 0, 0, 0], [0, 0, 1, 1], [0, 1, 0, 3], [0, 1, 1, 1], [1, 0, 0, 3], [1, 0, 1, 1], [1, 1, 0, 3], [1, 1, 1, 1]]]]",5107.330374240875
Task091,"[[1, ""Dilation"", ""SE3""], [1, ""Dilation"", ""SE6""], [1, ""Dilation"", ""SE1""], [1, ""Dilation"", ""SE3""], [1, ""Erosion"", ""SE3""], [1, ""Erosion"", ""SE6""], [1, ""Erosion"", ""SE1""], [1, ""Erosion"", ""SE3""], [2, ""Dilation"", ""SE6""], [2, ""Dilation"", ""SE2""], [2, ""Dilation"", ""SE1""], [2, ""Dilation"", ""SE5""], [2, ""Erosion"", ""SE6""], [2, ""Erosion"", ""SE2""], [2, ""Erosion"", ""SE1""], [2, ""Erosion"", ""SE5""], [3, ""Dilation"", ""SE7""], [3, ""Dilation"", ""SE5""], [3, ""Dilation"", ""SE8""], [3, ""Dilation"", ""SE5""], [3, ""Erosion"", ""SE7""], [3, ""Erosion"", ""SE5""], [3, ""Erosion"", ""SE8""], [3, ""Erosion"", ""SE5""], [None, ""color_rule"", [[0, 0, 0, 0], [0, 0, 1, 2], [0, 1, 0, 2], [0, 1, 1, 1], [1, 0, 0, 1], [1, 0, 1, 1], [1, 1, 0, 1], [1, 1, 1, 1]]]]",11.846608400344849
Task092,"[[1, ""Dilation"", ""SE4""], [1, ""Dilation"", ""SE3""], [1, ""Dilation"", ""SE2""], [1, ""Dilation"", ""SE6""], [1, ""Erosion"", ""SE4""], [1, ""Erosion"", ""SE3""], [1, ""Erosion"", ""SE2""], [1, ""Erosion"", ""SE6""], [2, ""Dilation"", ""SE6""], [2, ""Dilation"", ""SE8""], [2, ""Dilation"", ""SE6""], [2, ""Dilation"", ""SE3""], [2, ""Erosion"", ""SE6""], [2, ""Erosion"", ""SE8""], [2, ""Erosion"", ""SE6""], [2, ""Erosion"", ""SE3""], [3, ""Dilation"", ""SE2""], [3, ""Dilation"", ""SE7""], [3, ""Dilation"", ""SE7""], [3, ""Dilation"", ""SE4""], [3, ""Erosion"", ""SE2""], [3, ""Erosion"", ""SE7""], [3, ""Erosion"", ""SE7""], [3, ""Erosion"", ""SE4""], [None, ""color_rule"", [[0, 0, 0, 0], [0, 0, 1, 1], [0, 1, 0, 2], [0, 1, 1, 1], [1, 0, 0, 1], [1, 0, 1, 3], [1, 1, 0, 1], [1, 1, 1, 1]]]]",6327.585388660431
Task082,"[[1, ""Dilation"", ""SE8""], [1, ""Dilation"", ""SE4""], [1, ""Dilation"", ""SE2""], [1, ""Dilation"", ""SE7""], [1, ""Erosion"", ""SE8""], [1, ""Erosion"", ""SE4""], [1, ""Erosion"", ""SE2""], [1, ""Erosion"", ""SE7""], [2, ""Dilation"", ""SE6""], [2, ""Dilation"", ""SE6""], [2, ""Dilation"", ""SE3""], [2, ""Dilation"", ""SE2""], [2, ""Erosion"", ""SE6""], [2, ""Erosion"", ""SE6""], [2, ""Erosion"", ""SE3""], [2, ""Erosion"", ""SE2""], [3, ""Dilation"", ""SE8""], [3, ""Dilation"", ""SE4""], [3, ""Dilation"", ""SE2""], [3, ""Dilation"", ""SE1""], [3, ""Erosion"", ""SE8""], [3, ""Erosion"", ""SE4""], [3, ""Erosion"", ""SE2""], [3, ""Erosion"", ""SE1""], [None, ""color_rule"", [[0, 0, 0, 0], [0, 0, 1, 3], [0, 1, 0, 2], [0, 1, 1, 1], [1, 0, 0, 3], [1, 0, 1, 1], [1, 1, 0, 2], [1, 1, 1, 3]]]]",8031.542482614517
Task024,"[[1, ""Dilation"", ""SE6""], [1, ""Dilation"", ""SE1""], [1, ""Dilation"", ""SE3""], [1, ""Dilation"", ""SE8""], [1, ""Erosion"", ""SE6""], [1, ""Erosion"", ""SE1""], [1, ""Erosion"", ""SE3""], [1, ""Erosion"", ""SE8""], [2, ""Dilation"", ""SE4""], [2, ""Dilation"", ""SE2""], [2, ""Dilation"", ""SE2""], [2, ""Dilation"", ""SE5""], [2, ""Erosion"", ""SE4""], [2, ""Erosion"", ""SE2""], [2, ""Erosion"", ""SE2""], [2, ""Erosion"", ""SE5""], [3, ""Dilation"", ""SE6""], [3, ""Dilation"", ""SE7""], [3, ""Dilation"", ""SE3""], [3, ""Dilation"", ""SE7""], [3, ""Erosion"", ""SE6""], [3, ""Erosion"", ""SE7""], [3, ""Erosion"", ""SE3""], [3, ""Erosion"", ""SE7""], [None, ""color_rule"", [[0, 0, 0, 0], [0, 0, 1, 3], [0, 1, 0, 3], [0, 1, 1, 1], [1, 0, 0, 2], [1, 0, 1, 1], [1, 1, 0, 1], [1, 1, 1, 1]]]]",11473.260907649994
Task029,"[[1, ""Dilation"", ""SE8""], [1, ""Dilation"", ""SE5""], [1, ""Dilation"", ""SE6""], [1, ""Dilation"", ""SE1""], [1, ""Erosion"", ""SE8""], [1, ""Erosion"", ""SE5""], [1, ""Erosion"", ""SE6""], [1, ""Erosion"", ""SE1""], [2, ""Dilation"", ""SE5""], [2, ""Dilation"", ""SE6""], [2, ""Dilation"", ""SE1""], [2, ""Dilation"", ""SE2""], [2, ""Erosion"", ""SE5""], [2, ""Erosion"", ""SE6""], [2, ""Erosion"", ""SE1""], [2, ""Erosion"", ""SE2""], [3, ""Dilation"", ""SE4""], [3, ""Dilation"", ""SE4""], [3, ""Dilation"", ""SE5""], [3, ""Dilation"", ""SE4""], [3, ""Erosion"", ""SE4""], [3, ""Erosion"", ""SE4""], [3, ""Erosion"", ""SE5""], [3, ""Erosion"", ""SE4""], [None, ""color_rule"", [[0, 0, 0, 0], [0, 0, 1, 1], [0, 1, 0, 2], [0, 1, 1, 1], [1, 0, 0, 2], [1, 0, 1, 2], [1, 1, 0, 2], [1, 1, 1, 1]]]]",12537.511497974396
Task085,"[[1, ""Dilation"", ""SE4""], [1, ""Dilation"", ""SE7""], [1, ""Dilation"", ""SE8""], [1, ""Dilation"", ""SE1""], [1, ""Erosion"", ""SE4""], [1, ""Erosion"", ""SE7""], [1, ""Erosion"", ""SE8""], [1, ""Erosion"", ""SE1""], [2, ""Dilation"", ""SE7""], [2, ""Dilation"", ""SE7""], [2, ""Dilation"", ""SE2""], [2, ""Dilation"", ""SE3""], [2, ""Erosion"", ""SE7""], [2, ""Erosion"", ""SE7""], [2, ""Erosion"", ""SE2""], [2, ""Erosion"", ""SE3""], [3, ""Dilation"", ""SE2""], [3, ""Dilation"", ""SE6""], [3, ""Dilation"", ""SE2""], [3, ""Dilation"", ""SE4""], [3, ""Erosion"", ""SE2""], [3, ""Erosion"", ""SE6""], [3, ""Erosion"", ""SE2""], [3, ""Erosion"", ""SE4""], [None, ""color_rule"", [[0, 0, 0, 0], [0, 0, 1, 3], [0, 1, 0, 1], [0, 1, 1, 3], [1, 0, 0, 2], [1, 0, 1, 1], [1, 1, 0, 1], [1, 1, 1, 1]]]]",8028.384511232376
Task041,"[[1, ""Dilation"", ""SE1""], [1, ""Dilation"", ""SE4""], [1, ""Dilation"", ""SE7""], [1, ""Dilation"", ""SE3""], [1, ""Erosion"", ""SE1""], [1, ""Erosion"", ""SE4""], [1, ""Erosion"", ""SE7""], [1, ""Erosion"", ""SE3""], [2, ""Dilation"", ""SE2""], [2, ""Dilation"", ""SE4""], [2, ""Dilation"", ""SE2""], [2, ""Dilation"", ""SE5""], [2, ""Erosion"", ""SE2""], [2, ""Erosion"", ""SE4""], [2, ""Erosion"", ""SE2""], [2, ""Erosion"", ""SE5""], [3, ""Dilation"", ""SE3""], [3, ""Dilation"", ""SE3""], [3, ""Dilation"", ""SE6""], [3, ""Dilation"", ""SE7""], [3, ""Erosion"", ""SE3""], [3, ""Erosion"", ""SE3""], [3, ""Erosion"", ""SE6""], [3, ""Erosion"", ""SE7""], [None, ""color_rule"", [[0, 0, 0, 0], [0, 0, 1, 2], [0, 1, 0, 3], [0, 1, 1, 1], [1, 0, 0, 3], [1, 0, 1, 2], [1, 1, 0, 1], [1, 1, 1, 1]]]]",8817.645007610321
Task034,"[[1, ""Dilation"", ""SE7""], [1, ""Dilation"", ""SE1""], [1, ""Dilation"", ""SE1""], [1, ""Dilation"", ""SE6""], [1, ""Erosion"", ""SE7""], [1, ""Erosion"", ""SE1""], [1, ""Erosion"", ""SE1""], [1, ""Erosion"", ""SE6""], [2, ""Dilation"", ""SE2""], [2, ""Dilation"", ""SE1""], [2, ""Dilation"", ""SE3""], [2, ""Dilation"", ""SE8""], [2, ""Erosion"", ""SE2""], [2, ""Erosion"", ""SE1""], [2, ""Erosion"", ""SE3""], [2, ""Erosion"", ""SE8""], [3, ""Dilation"", ""SE4""], [3, ""Dilation"", ""SE7""], [3, ""Dilation"", ""SE7""], [3, ""Dilation"", ""SE5""], [3, ""Erosion"", ""SE4""], [3, ""Erosion"", ""SE7""], [3, ""Erosion"", ""SE7""], [3, ""Erosion"", ""SE5""], [None, ""color_rule"", [[0, 0, 0, 0], [0, 0, 1, 2], [0, 1, 0, 2], [0, 1, 1, 1], [1, 0, 0, 3], [1, 0, 1, 1], [1, 1, 0, 1], [1, 1, 1, 1]]]]",15473.530694007874
Task068,"[[1, ""Dilation"", ""SE1""], [1, ""Dilation"", ""SE8""], [1, ""Dilation"", ""SE5""], [1, ""Dilation"", ""SE7""], [1, ""Erosion"", ""SE1""], [1, ""Erosion"", ""SE8""], [1, ""Erosion"", ""SE5""], [1, ""Erosion"", ""SE7""], [2, ""Dilation"", ""SE6""], [2, ""Dilation"", ""SE8""], [2, ""Dilation"", ""SE7""], [2, ""Dilation"", ""SE3""], [2, ""Erosion"", ""SE6""], [2, ""Erosion"", ""SE8""], [2, ""Erosion"", ""SE7""], [2, ""Erosion"", ""SE3""], [3, ""Dilation"", ""SE8""], [3, ""Dilation"", ""SE6""], [3, ""Dilation"", ""SE7""], [3, ""Dilation"", ""SE5""], [3, ""Erosion"", ""SE8""], [3, ""Erosion"", ""SE6""], [3, ""Erosion"", ""SE7""], [3, ""Erosion"", ""SE5""], [None, ""color_rule"", [[0, 0, 0, 0], [0, 0, 1, 3], [0, 1, 0, 2], [0, 1, 1, 2], [1, 0, 0, 1], [1, 0, 1, 1], [1, 1, 0, 3], [1, 1, 1, 1]]]]",17765.33804488182
Task013,"[[1, ""Dilation"", ""SE8""], [1, ""Dilation"", ""SE7""], [1, ""Dilation"", ""SE3""], [1, ""Dilation"", ""SE5""], [1, ""Erosion"", ""SE8""], [1, ""Erosion"", ""SE7""], [1, ""Erosion"", ""SE3""], [1, ""Erosion"", ""SE5""], [2, ""Dilation"", ""SE3""], [2, ""Dilation"", ""SE5""], [2, ""Dilation"", ""SE3""], [2, ""Dilation"", ""SE6""], [2, ""Erosion"", ""SE3""], [2, ""Erosion"", ""SE5""], [2, ""Erosion"", ""SE3""], [2, ""Erosion"", ""SE6""], [3, ""Dilation"", ""SE1""], [3, ""Dilation"", ""SE7""], [3, ""Dilation"", ""SE7""], [3, ""Dilation"", ""SE7""], [3, ""Erosion"", ""SE1""], [3, ""Erosion"", ""SE7""], [3, ""Erosion"", ""SE7""], [3, ""Erosion"", ""SE7""], [None, ""color_rule"", [[0, 0, 0, 0], [0, 0, 1, 3], [0, 1, 0, 1], [0, 1, 1, 1], [1, 0, 0, 1], [1, 0, 1, 1], [1, 1, 0, 3], [1, 1, 1, 1]]]]",19122.37099981308
Task069,"[[1, ""Dilation"", ""SE5""], [1, ""Dilation"", ""SE6""], [1, ""Dilation"", ""SE5""], [1, ""Dilation"", ""SE4""], [1, ""Erosion"", ""SE5""], [1, ""Erosion"", ""SE6""], [1, ""Erosion"", ""SE5""], [1, ""Erosion"", ""SE4""], [2, ""Dilation"", ""SE8""], [2, ""Dilation"", ""SE5""], [2, ""Dilation"", ""SE2""], [2, ""Dilation"", ""SE2""], [2, ""Erosion"", ""SE8""], [2, ""Erosion"", ""SE5""], [2, ""Erosion"", ""SE2""], [2, ""Erosion"", ""SE2""], [3, ""Dilation"", ""SE4""], [3, ""Dilation"", ""SE6""], [3, ""Dilation"", ""SE7""], [3, ""Dilation"", ""SE7""], [3, ""Erosion"", ""SE4""], [3, ""Erosion"", ""SE6""], [3, ""Erosion"", ""SE7""], [3, ""Erosion"", ""SE7""], [None, ""color_rule"", [[0, 0, 0, 0], [0, 0, 1, 3], [0, 1, 0, 3], [0, 1, 1, 1], [1, 0, 0, 1], [1, 0, 1, 3], [1, 1, 0, 1], [1, 1, 1, 1]]]]",19689.168829917908
Task028,"[[1, ""Dilation"", ""SE3""], [1, ""Dilation"", ""SE2""], [1, ""Dilation"", ""SE8""], [1, ""Dilation"", ""SE5""], [1, ""Erosion"", ""SE3""], [1, ""Erosion"", ""SE2""], [1, ""Erosion"", ""SE8""], [1, ""Erosion"", ""SE5""], [2, ""Dilation"", ""SE1""], [2, ""Dilation"", ""SE7""], [2, ""Dilation"", ""SE3""], [2, ""Dilation"", ""SE1""], [2, ""Erosion"", ""SE1""], [2, ""Erosion"", ""SE7""], [2, ""Erosion"", ""SE3""], [2, ""Erosion"", ""SE1""], [3, ""Dilation"", ""SE7""], [3, ""Dilation"", ""SE2""], [3, ""Dilation"", ""SE1""], [3, ""Dilation"", ""SE2""], [3, ""Erosion"", ""SE7""], [3, ""Erosion"", ""SE2""], [3, ""Erosion"", ""SE1""], [3, ""Erosion"", ""SE2""], [None, ""color_rule"", [[0, 0, 0, 0], [0, 0, 1, 2], [0, 1, 0, 1], [0, 1, 1, 1], [1, 0, 0, 2], [1, 0, 1, 1], [1, 1, 0, 2], [1, 1, 1, 1]]]]",19873.252394914627
Task088,"[[1, ""Dilation"", ""SE5""], [1, ""Dilation"", ""SE2""], [1, ""Dilation"", ""SE7""], [1, ""Dilation"", ""SE1""], [1, ""Erosion"", ""SE5""], [1, ""Erosion"", ""SE2""], [1, ""Erosion"", ""SE7""], [1, ""Erosion"", ""SE1""], [2, ""Dilation"", ""SE1""], [2, ""Dilation"", ""SE6""], [2, ""Dilation"", ""SE4""], [2, ""Dilation"", ""SE7""], [2, ""Erosion"", ""SE1""], [2, ""Erosion"", ""SE6""], [2, ""Erosion"", ""SE4""], [2, ""Erosion"", ""SE7""], [3, ""Dilation"", ""SE6""], [3, ""Dilation"", ""SE7""], [3, ""Dilation"", ""SE6""], [3, ""Dilation"", ""SE4""], [3, ""Erosion"", ""SE6""], [3, ""Erosion"", ""SE7""], [3, ""Erosion"", ""SE6""], [3, ""Erosion"", ""SE4""], [None, ""color_rule"", [[0, 0, 0, 0], [0, 0, 1, 1], [0, 1, 0, 1], [0, 1, 1, 1], [1, 0, 0, 1], [1, 0, 1, 1], [1, 1, 0, 1], [1, 1, 1, 1]]]]",11994.91795015335
Task059,"[[1, ""Dilation"", ""SE7""], [1, ""Dilation"", ""SE2""], [1, ""Dilation"", ""SE2""], [1, ""Dilation"", ""SE7""], [1, ""Erosion"", ""SE7""], [1, ""Erosion"", ""SE2""], [1, ""Erosion"", ""SE2""], [1, ""Erosion"", ""SE7""], [2, ""Dilation"", ""SE7""], [2, ""Dilation"", ""SE2""], [2, ""Dilation"", ""SE1""], [2, ""Dilation"", ""SE2""], [2, ""Erosion"", ""SE7""], [2, ""Erosion"", ""SE2""], [2, ""Erosion"", ""SE1""], [2, ""Erosion"", ""SE2""], [3, ""Dilation"", ""SE8""], [3, ""Dilation"", ""SE5""], [3, ""Dilation"", ""SE1""], [3, ""Dilation"", ""SE2""], [3, ""Erosion"", ""SE8""], [3, ""Erosion"", ""SE5""], [3, ""Erosion"", ""SE1""], [3, ""Erosion"", ""SE2""], [None, ""color_rule"", [[0, 0, 0, 0], [0, 0, 1, 3], [0, 1, 0, 3], [0, 1, 1, 1], [1, 0, 0, 3], [1, 0, 1, 3], [1, 1, 0, 3], [1, 1, 1, 1]]]]",17681.275608062744
Task079,"[[1, ""Dilation"", ""SE8""], [1, ""Dilation"", ""SE8""], [1, ""Dilation"", ""SE3""], [1, ""Dilation"", ""SE8""], [1, ""Erosion"", ""SE8""], [1, ""Erosion"", ""SE8""], [1, ""Erosion"", ""SE3""], [1, ""Erosion"", ""SE8""], [2, ""Dilation"", ""SE4""], [2, ""Dilation"", ""SE6""], [2, ""Dilation"", ""SE2""], [2, ""Dilation"", ""SE2""], [2, ""Erosion"", ""SE4""], [2, ""Erosion"", ""SE6""], [2, ""Erosion"", ""SE2""], [2, ""Erosion"", ""SE2""], [3, ""Dilation"", ""SE1""], [3, ""Dilation"", ""SE1""], [3, ""Dilation"", ""SE4""], [3, ""Dilation"", ""SE1""], [3, ""Erosion"", ""SE1""], [3, ""Erosion"", ""SE1""], [3, ""Erosion"", ""SE4""], [3, ""Erosion"", ""SE1""], [None, ""color_rule"", [[0, 0, 0, 0], [0, 0, 1, 3], [0, 1, 0, 2], [0, 1, 1, 1], [1, 0, 0, 3], [1, 0, 1, 1], [1, 1, 0, 2], [1, 1, 1, 1]]]]",23879.076047182083
Task042,"[[1, ""Dilation"", ""SE6""], [1, ""Dilation"", ""SE5""], [1, ""Dilation"", ""SE5""], [1, ""Dilation"", ""SE2""], [1, ""Erosion"", ""SE6""], [1, ""Erosion"", ""SE5""], [1, ""Erosion"", ""SE5""], [1, ""Erosion"", ""SE2""], [2, ""Dilation"", ""SE5""], [2, ""Dilation"", ""SE2""], [2, ""Dilation"", ""SE6""], [2, ""Dilation"", ""SE8""], [2, ""Erosion"", ""SE5""], [2, ""Erosion"", ""SE2""], [2, ""Erosion"", ""SE6""], [2, ""Erosion"", ""SE8""], [3, ""Dilation"", ""SE8""], [3, ""Dilation"", ""SE5""], [3, ""Dilation"", ""SE8""], [3, ""Dilation"", ""SE8""], [3, ""Erosion"", ""SE8""], [3, ""Erosion"", ""SE5""], [3, ""Erosion"", ""SE8""], [3, ""Erosion"", ""SE8""], [None, ""color_rule"", [[0, 0, 0, 0], [0, 0, 1, 1], [0, 1, 0, 2], [0, 1, 1, 1], [1, 0, 0, 3], [1, 0, 1, 1], [1, 1, 0, 1], [1, 1, 1, 1]]]]",42722.29425549507
Task004,"[[1, ""Dilation"", ""SE1""], [1, ""Dilation"", ""SE2""], [1, ""Dilation"", ""SE4""], [1, ""Erosion"", ""SE1""], [1, ""Erosion"", ""SE2""], [1, ""Erosion"", ""SE4""], [2, ""Dilation"", ""SE1""], [2, ""Dilation"", ""SE1""], [2, ""Dilation"", ""SE5""], [2, ""Dilation"", ""SE5""], [2, ""Erosion"", ""SE1""], [2, ""Erosion"", ""SE1""], [2, ""Erosion"", ""SE5""], [2, ""Erosion"", ""SE5""], [3, ""Dilation"", ""SE2""], [3, ""Dilation"", ""SE5""], [3, ""Dilation"", ""SE1""], [3, ""Dilation"", ""SE4""], [3, ""Erosion"", ""SE2""], [3, ""Erosion"", ""SE5""], [3, ""Erosion"", ""SE1""], [3, ""Erosion"", ""SE4""], [None, ""color_rule"", [[0, 0, 0, 0], [0, 0, 1, 3], [0, 1, 0, 2], [0, 1, 1, 2], [1, 0, 0, 3], [1, 0, 1, 1], [1, 1, 0, 1], [1, 1, 1, 1]]]]",137985.4678361416
Task005,"[[1, ""Dilation"", ""SE1""], [1, ""Dilation"", ""SE1""], [1, ""Dilation"", ""SE1""], [1, ""Dilation"", ""SE1""], [1, ""Erosion"", ""SE1""], [1, ""Erosion"", ""SE1""], [1, ""Erosion"", ""SE1""], [1, ""Erosion"", ""SE1""], [2, ""Dilation"", ""SE1""], [2, ""Dilation"", ""SE7""], [2, ""Dilation"", ""SE1""], [2, ""Dilation"", ""SE7""], [2, ""Erosion"", ""SE1""], [2, ""Erosion"", ""SE7""], [2, ""Erosion"", ""SE1""], [2, ""Erosion"", ""SE7""], [3, ""Dilation"", ""SE1""], [3, ""Dilation"", ""SE1""], [3, ""Dilation"", ""SE6""], [3, ""Dilation"", ""SE2""], [3, ""Erosion"", ""SE1""], [3, ""Erosion"", ""SE1""], [3, ""Erosion"", ""SE6""], [3, ""Erosion"", ""SE2""], [None, ""color_rule"", [[0, 0, 0, 0], [0, 0, 1, 2], [0, 1, 0, 2], [0, 1, 1, 3], [1, 0, 0, 3], [1, 0, 1, 1], [1, 1, 0, 1], [1, 1, 1, 1]]]]",938.101907491684
Task006,"[[1, ""Dilation"", ""SE1""], [1, ""Dilation"", ""SE1""], [1, ""Dilation"", ""SE1""], [1, ""Erosion"", ""SE1""], [1, ""Erosion"", ""SE1""], [1, ""Erosion"", ""SE1""], [2, ""Dilation"", ""SE1""], [2, ""Dilation"", ""SE5""], [2, ""Dilation"", ""SE7""], [2, ""Dilation"", ""SE1""], [2, ""Erosion"", ""SE1""], [2, ""Erosion"", ""SE5""], [2, ""Erosion"", ""SE7""], [2, ""Erosion"", ""SE1""], [3, ""Dilation"", ""SE1""], [3, ""Dilation"", ""SE2""], [3, ""Dilation"", ""SE2""], [3, ""Dilation"", ""SE6""], [3, ""Erosion"", ""SE1""], [3, ""Erosion"", ""SE2""], [3, ""Erosion"", ""SE2""], [3, ""Erosion"", ""SE6""], [None, ""color_rule"", [[0, 0, 0, 0], [0, 0, 1, 3], [0, 1, 0, 3], [0, 1, 1, 1], [1, 0, 0, 3], [1, 0, 1, 1], [1, 1, 0, 1], [1, 1, 1, 1]]]]",21901.747268676758
Task007,"[[1, ""Dilation"", ""SE1""], [1, ""Dilation"", ""SE1""], [1, ""Dilation"", ""SE1""], [1, ""Dilation"", ""SE1""],                [1, ""Erosion"", ""SE1""], [1, ""Erosion"", ""SE1""], [1, ""Erosion"", ""SE1""], [1, ""Erosion"", ""SE1""],                [2, ""Dilation"", ""SE1""], [2, ""Dilation"", ""SE1""], [2, ""Dilation"", ""SE4""], [2, ""Dilation"", ""SE6""],                [2, ""Erosion"", ""SE1""], [2, ""Erosion"", ""SE1""], [2, ""Erosion"", ""SE4""], [2, ""Erosion"", ""SE6""],                [3, ""Dilation"", ""SE1""], [3, ""Dilation"", ""SE2""], [3, ""Dilation"", ""SE2""], [3, ""Dilation"", ""SE5""],                [3, ""Erosion"", ""SE1""], [3, ""Erosion"", ""SE2""], [3, ""Erosion"", ""SE2""], [3, ""Erosion"", ""SE5""],                [None, ""color_rule"",                 [[0, 0, 0, 0], [0, 0, 1, 1], [0, 1, 0, 3], [0, 1, 1, 1], [1, 0, 0, 3], [1, 0, 1, 2], [1, 1, 0, 2],                  [1, 1, 1, 1]]]]",623.3201830387115
Task009,"[[1, ""Dilation"", ""SE1""], [1, ""Dilation"", ""SE1""], [1, ""Dilation"", ""SE8""], [1, ""Dilation"", ""SE1""], [1, ""Erosion"", ""SE1""], [1, ""Erosion"", ""SE1""], [1, ""Erosion"", ""SE8""], [1, ""Erosion"", ""SE1""], [2, ""Dilation"", ""SE1""], [2, ""Dilation"", ""SE8""], [2, ""Dilation"", ""SE8""], [2, ""Dilation"", ""SE6""], [2, ""Erosion"", ""SE1""], [2, ""Erosion"", ""SE8""], [2, ""Erosion"", ""SE8""], [2, ""Erosion"", ""SE6""], [3, ""Dilation"", ""SE1""], [3, ""Dilation"", ""SE2""], [3, ""Dilation"", ""SE7""], [3, ""Dilation"", ""SE5""], [3, ""Erosion"", ""SE1""], [3, ""Erosion"", ""SE2""], [3, ""Erosion"", ""SE7""], [3, ""Erosion"", ""SE5""], [None, ""color_rule"", [[0, 0, 0, 0], [0, 0, 1, 2], [0, 1, 0, 3], [0, 1, 1, 1], [1, 0, 0, 2], [1, 0, 1, 1], [1, 1, 0, 2], [1, 1, 1, 1]]]]",156938.60076022148
Task010,"[[1, ""Dilation"", ""SE1""], [1, ""Dilation"", ""SE1""], [1, ""Dilation"", ""SE8""], [1, ""Dilation"", ""SE5""], [1, ""Erosion"", ""SE1""], [1, ""Erosion"", ""SE1""], [1, ""Erosion"", ""SE8""], [1, ""Erosion"", ""SE5""], [2, ""Dilation"", ""SE1""], [2, ""Dilation"", ""SE4""], [2, ""Dilation"", ""SE8""], [2, ""Dilation"", ""SE5""], [2, ""Erosion"", ""SE1""], [2, ""Erosion"", ""SE4""], [2, ""Erosion"", ""SE8""], [2, ""Erosion"", ""SE5""], [3, ""Dilation"", ""SE1""], [3, ""Dilation"", ""SE1""], [3, ""Dilation"", ""SE1""], [3, ""Dilation"", ""SE4""], [3, ""Erosion"", ""SE1""], [3, ""Erosion"", ""SE1""], [3, ""Erosion"", ""SE1""], [3, ""Erosion"", ""SE4""], [None, ""color_rule"", [[0, 0, 0, 0], [0, 0, 1, 2], [0, 1, 0, 1], [0, 1, 1, 1], [1, 0, 0, 1], [1, 0, 1, 1], [1, 1, 0, 3], [1, 1, 1, 1]]]]",199884.21180272102
Task017,"[[1, ""Dilation"", ""SE1""], [1, ""Dilation"", ""SE1""], [1, ""Dilation"", ""SE2""], [1, ""Dilation"", ""SE5""], [1, ""Erosion"", ""SE1""], [1, ""Erosion"", ""SE1""], [1, ""Erosion"", ""SE2""], [1, ""Erosion"", ""SE5""], [2, ""Dilation"", ""SE1""], [2, ""Dilation"", ""SE1""], [2, ""Dilation"", ""SE6""], [2, ""Dilation"", ""SE8""], [2, ""Erosion"", ""SE1""], [2, ""Erosion"", ""SE1""], [2, ""Erosion"", ""SE6""], [2, ""Erosion"", ""SE8""], [3, ""Dilation"", ""SE1""], [3, ""Dilation"", ""SE1""], [3, ""Dilation"", ""SE4""], [3, ""Dilation"", ""SE5""], [3, ""Erosion"", ""SE1""], [3, ""Erosion"", ""SE1""], [3, ""Erosion"", ""SE4""], [3, ""Erosion"", ""SE5""], [None, ""color_rule"", [[0, 0, 0, 0], [0, 0, 1, 1], [0, 1, 0, 2], [0, 1, 1, 3], [1, 0, 0, 2], [1, 0, 1, 1], [1, 1, 0, 1], [1, 1, 1, 1]]]]",39.21300745010376
Task020,"[[1, ""Dilation"", ""SE1""], [1, ""Dilation"", ""SE2""], [1, ""Dilation"", ""SE4""], [1, ""Dilation"", ""SE6""], [1, ""Erosion"", ""SE1""], [1, ""Erosion"", ""SE2""], [1, ""Erosion"", ""SE4""], [1, ""Erosion"", ""SE6""], [2, ""Dilation"", ""SE1""], [2, ""Dilation"", ""SE1""], [2, ""Dilation"", ""SE2""], [2, ""Erosion"", ""SE1""], [2, ""Erosion"", ""SE1""], [2, ""Erosion"", ""SE2""], [3, ""Dilation"", ""SE1""], [3, ""Dilation"", ""SE2""], [3, ""Dilation"", ""SE2""], [3, ""Dilation"", ""SE8""], [3, ""Erosion"", ""SE1""], [3, ""Erosion"", ""SE2""], [3, ""Erosion"", ""SE2""], [3, ""Erosion"", ""SE8""], [None, ""color_rule"", [[0, 0, 0, 0], [0, 0, 1, 1], [0, 1, 0, 3], [0, 1, 1, 1], [1, 0, 0, 3], [1, 0, 1, 3], [1, 1, 0, 1], [1, 1, 1, 1]]]]",72.85271906852722
Task021,"[[1, ""Dilation"", ""SE7""], [1, ""Dilation"", ""SE5""], [1, ""Dilation"", ""SE3""], [1, ""Dilation"", ""SE3""], [1, ""Erosion"", ""SE7""], [1, ""Erosion"", ""SE5""], [1, ""Erosion"", ""SE3""], [1, ""Erosion"", ""SE3""], [2, ""Dilation"", ""SE6""], [2, ""Dilation"", ""SE1""], [2, ""Dilation"", ""SE7""], [2, ""Dilation"", ""SE5""], [2, ""Erosion"", ""SE6""], [2, ""Erosion"", ""SE1""], [2, ""Erosion"", ""SE7""], [2, ""Erosion"", ""SE5""], [3, ""Dilation"", ""SE7""], [3, ""Dilation"", ""SE8""], [3, ""Dilation"", ""SE4""], [3, ""Dilation"", ""SE5""], [3, ""Erosion"", ""SE7""], [3, ""Erosion"", ""SE8""], [3, ""Erosion"", ""SE4""], [3, ""Erosion"", ""SE5""], [None, ""color_rule"", [[0, 0, 0, 0], [0, 0, 1, 2], [0, 1, 0, 1], [0, 1, 1, 1], [1, 0, 0, 1], [1, 0, 1, 1], [1, 1, 0, 1], [1, 1, 1, 1]]]]",88.03380393981934
Task027,"[[1, ""Dilation"", ""SE1""], [1, ""Dilation"", ""SE1""], [1, ""Dilation"", ""SE2""], [1, ""Dilation"", ""SE7""], [1, ""Erosion"", ""SE1""], [1, ""Erosion"", ""SE1""], [1, ""Erosion"", ""SE2""], [1, ""Erosion"", ""SE7""], [2, ""Dilation"", ""SE1""], [2, ""Dilation"", ""SE8""], [2, ""Dilation"", ""SE8""], [2, ""Dilation"", ""SE6""], [2, ""Erosion"", ""SE1""], [2, ""Erosion"", ""SE8""], [2, ""Erosion"", ""SE8""], [2, ""Erosion"", ""SE6""], [3, ""Dilation"", ""SE1""], [3, ""Dilation"", ""SE4""], [3, ""Dilation"", ""SE7""], [3, ""Dilation"", ""SE8""], [3, ""Erosion"", ""SE1""], [3, ""Erosion"", ""SE4""], [3, ""Erosion"", ""SE7""], [3, ""Erosion"", ""SE8""], [None, ""color_rule"", [[0, 0, 0, 0], [0, 0, 1, 3], [0, 1, 0, 1], [0, 1, 1, 2], [1, 0, 0, 2], [1, 0, 1, 1], [1, 1, 0, 1], [1, 1, 1, 1]]]]",491376.119137764
Task030,"[[1, ""Dilation"", ""SE1""], [1, ""Dilation"", ""SE2""], [1, ""Dilation"", ""SE4""], [1, ""Dilation"", ""SE6""], [1, ""Erosion"", ""SE1""], [1, ""Erosion"", ""SE2""], [1, ""Erosion"", ""SE4""], [1, ""Erosion"", ""SE6""], [2, ""Dilation"", ""SE2""], [2, ""Dilation"", ""SE2""], [2, ""Dilation"", ""SE6""], [2, ""Dilation"", ""SE5""], [2, ""Erosion"", ""SE2""], [2, ""Erosion"", ""SE2""], [2, ""Erosion"", ""SE6""], [2, ""Erosion"", ""SE5""], [3, ""Dilation"", ""SE1""], [3, ""Dilation"", ""SE2""], [3, ""Dilation"", ""SE2""], [3, ""Dilation"", ""SE5""], [3, ""Erosion"", ""SE1""], [3, ""Erosion"", ""SE2""], [3, ""Erosion"", ""SE2""], [3, ""Erosion"", ""SE5""], [None, ""color_rule"", [[0, 0, 0, 0], [0, 0, 1, 3], [0, 1, 0, 2], [0, 1, 1, 1], [1, 0, 0, 1], [1, 0, 1, 3], [1, 1, 0, 2], [1, 1, 1, 1]]]]",6644.529487609863
Task031,"[[1, ""Dilation"", ""SE1""], [1, ""Dilation"", ""SE1""], [1, ""Dilation"", ""SE2""], [1, ""Dilation"", ""SE6""], [1, ""Erosion"", ""SE1""], [1, ""Erosion"", ""SE1""], [1, ""Erosion"", ""SE2""], [1, ""Erosion"", ""SE6""], [2, ""Dilation"", ""SE5""], [2, ""Dilation"", ""SE8""], [2, ""Dilation"", ""SE5""], [2, ""Dilation"", ""SE7""], [2, ""Erosion"", ""SE5""], [2, ""Erosion"", ""SE8""], [2, ""Erosion"", ""SE5""], [2, ""Erosion"", ""SE7""], [3, ""Dilation"", ""SE1""], [3, ""Dilation"", ""SE2""], [3, ""Dilation"", ""SE4""], [3, ""Dilation"", ""SE5""], [3, ""Erosion"", ""SE1""], [3, ""Erosion"", ""SE2""], [3, ""Erosion"", ""SE4""], [3, ""Erosion"", ""SE5""], [None, ""color_rule"", [[0, 0, 0, 0], [0, 0, 1, 1], [0, 1, 0, 2], [0, 1, 1, 2], [1, 0, 0, 3], [1, 0, 1, 1], [1, 1, 0, 1], [1, 1, 1, 1]]]]",14703.280034542084
Task044,"[[1, ""Dilation"", ""SE1""], [1, ""Dilation"", ""SE1""], [1, ""Dilation"", ""SE4""], [1, ""Dilation"", ""SE5""], [1, ""Erosion"", ""SE1""], [1, ""Erosion"", ""SE1""], [1, ""Erosion"", ""SE4""], [1, ""Erosion"", ""SE5""], [2, ""Dilation"", ""SE1""], [2, ""Dilation"", ""SE1""], [2, ""Dilation"", ""SE1""], [2, ""Dilation"", ""SE8""], [2, ""Erosion"", ""SE1""], [2, ""Erosion"", ""SE1""], [2, ""Erosion"", ""SE1""], [2, ""Erosion"", ""SE8""], [3, ""Dilation"", ""SE1""], [3, ""Dilation"", ""SE2""], [3, ""Dilation"", ""SE5""], [3, ""Dilation"", ""SE6""], [3, ""Erosion"", ""SE1""], [3, ""Erosion"", ""SE2""], [3, ""Erosion"", ""SE5""], [3, ""Erosion"", ""SE6""], [None, ""color_rule"", [[0, 0, 0, 0], [0, 0, 1, 1], [0, 1, 0, 1], [0, 1, 1, 1], [1, 0, 0, 2], [1, 0, 1, 1], [1, 1, 0, 1], [1, 1, 1, 1]]]]",604529.7827057838
Task045,"[[1, ""Dilation"", ""SE1""], [1, ""Dilation"", ""SE1""], [1, ""Dilation"", ""SE4""], [1, ""Dilation"", ""SE8""], [1, ""Erosion"", ""SE1""], [1, ""Erosion"", ""SE1""], [1, ""Erosion"", ""SE4""], [1, ""Erosion"", ""SE8""], [2, ""Dilation"", ""SE1""], [2, ""Dilation"", ""SE1""], [2, ""Dilation"", ""SE5""], [2, ""Dilation"", ""SE1""], [2, ""Erosion"", ""SE1""], [2, ""Erosion"", ""SE1""], [2, ""Erosion"", ""SE5""], [2, ""Erosion"", ""SE1""], [3, ""Dilation"", ""SE1""], [3, ""Dilation"", ""SE2""], [3, ""Dilation"", ""SE8""], [3, ""Dilation"", ""SE5""], [3, ""Erosion"", ""SE1""], [3, ""Erosion"", ""SE2""], [3, ""Erosion"", ""SE8""], [3, ""Erosion"", ""SE5""], [None, ""color_rule"", [[0, 0, 0, 0], [0, 0, 1, 2], [0, 1, 0, 1], [0, 1, 1, 1], [1, 0, 0, 1], [1, 0, 1, 3], [1, 1, 0, 1], [1, 1, 1, 2]]]]",499635.26403975487
Task052,"[[1, ""Dilation"", ""SE1""], [1, ""Dilation"", ""SE2""], [1, ""Dilation"", ""SE2""], [1, ""Dilation"", ""SE2""], [1, ""Erosion"", ""SE1""], [1, ""Erosion"", ""SE2""], [1, ""Erosion"", ""SE2""], [1, ""Erosion"", ""SE2""], [2, ""Dilation"", ""SE1""], [2, ""Dilation"", ""SE1""], [2, ""Dilation"", ""SE2""], [2, ""Dilation"", ""SE2""], [2, ""Erosion"", ""SE1""], [2, ""Erosion"", ""SE1""], [2, ""Erosion"", ""SE2""], [2, ""Erosion"", ""SE2""], [3, ""Dilation"", ""SE1""], [3, ""Dilation"", ""SE4""], [3, ""Dilation"", ""SE8""], [3, ""Dilation"", ""SE8""], [3, ""Erosion"", ""SE1""], [3, ""Erosion"", ""SE4""], [3, ""Erosion"", ""SE8""], [3, ""Erosion"", ""SE8""], [None, ""color_rule"", [[0, 0, 0, 0], [0, 0, 1, 3], [0, 1, 0, 1], [0, 1, 1, 1], [1, 0, 0, 2], [1, 0, 1, 1], [1, 1, 0, 1], [1, 1, 1, 1]]]]",33.83649706840515
Task054,"[[1, ""Dilation"", ""SE1""], [1, ""Dilation"", ""SE6""], [1, ""Dilation"", ""SE1""], [1, ""Dilation"", ""SE6""], [1, ""Erosion"", ""SE1""], [1, ""Erosion"", ""SE6""], [1, ""Erosion"", ""SE1""], [1, ""Erosion"", ""SE6""], [2, ""Dilation"", ""SE1""], [2, ""Dilation"", ""SE5""], [2, ""Dilation"", ""SE5""], [2, ""Dilation"", ""SE8""], [2, ""Erosion"", ""SE1""], [2, ""Erosion"", ""SE5""], [2, ""Erosion"", ""SE5""], [2, ""Erosion"", ""SE8""], [3, ""Dilation"", ""SE1""], [3, ""Dilation"", ""SE1""], [3, ""Dilation"", ""SE6""], [3, ""Dilation"", ""SE1""], [3, ""Erosion"", ""SE1""], [3, ""Erosion"", ""SE1""], [3, ""Erosion"", ""SE6""], [3, ""Erosion"", ""SE1""], [None, ""color_rule"", [[0, 0, 0, 0], [0, 0, 1, 3], [0, 1, 0, 1], [0, 1, 1, 1], [1, 0, 0, 3], [1, 0, 1, 1], [1, 1, 0, 1], [1, 1, 1, 1]]]]",280258.2940747738
Task056,"[[1, ""Dilation"", ""SE1""], [1, ""Dilation"", ""SE1""], [1, ""Dilation"", ""SE1""], [1, ""Dilation"", ""SE1""], [1, ""Erosion"", ""SE1""], [1, ""Erosion"", ""SE1""], [1, ""Erosion"", ""SE1""], [1, ""Erosion"", ""SE1""], [2, ""Dilation"", ""SE2""], [2, ""Dilation"", ""SE2""], [2, ""Dilation"", ""SE5""], [2, ""Dilation"", ""SE7""], [2, ""Erosion"", ""SE2""], [2, ""Erosion"", ""SE2""], [2, ""Erosion"", ""SE5""], [2, ""Erosion"", ""SE7""], [3, ""Dilation"", ""SE1""], [3, ""Dilation"", ""SE1""], [3, ""Dilation"", ""SE2""], [3, ""Dilation"", ""SE6""], [3, ""Erosion"", ""SE1""], [3, ""Erosion"", ""SE1""], [3, ""Erosion"", ""SE2""], [3, ""Erosion"", ""SE6""], [None, ""color_rule"", [[0, 0, 0, 0], [0, 0, 1, 2], [0, 1, 0, 2], [0, 1, 1, 2], [1, 0, 0, 3], [1, 0, 1, 1], [1, 1, 0, 2], [1, 1, 1, 1]]]]",1327.5953085422516
Task057,"[[1, ""Dilation"", ""SE1""], [1, ""Dilation"", ""SE1""], [1, ""Dilation"", ""SE1""], [1, ""Dilation"", ""SE6""], [1, ""Erosion"", ""SE1""], [1, ""Erosion"", ""SE1""], [1, ""Erosion"", ""SE1""], [1, ""Erosion"", ""SE6""], [2, ""Dilation"", ""SE1""], [2, ""Dilation"", ""SE2""], [2, ""Dilation"", ""SE5""], [2, ""Dilation"", ""SE2""], [2, ""Erosion"", ""SE1""], [2, ""Erosion"", ""SE2""], [2, ""Erosion"", ""SE5""], [2, ""Erosion"", ""SE2""], [3, ""Dilation"", ""SE2""], [3, ""Dilation"", ""SE6""], [3, ""Dilation"", ""SE6""], [3, ""Dilation"", ""SE8""], [3, ""Erosion"", ""SE2""], [3, ""Erosion"", ""SE6""], [3, ""Erosion"", ""SE6""], [3, ""Erosion"", ""SE8""], [None, ""color_rule"", [[0, 0, 0, 0], [0, 0, 1, 2], [0, 1, 0, 2], [0, 1, 1, 2], [1, 0, 0, 3], [1, 0, 1, 1], [1, 1, 0, 1], [1, 1, 1, 1]]]]",402777.8441529274
Task060,"[[1, ""Dilation"", ""SE1""], [1, ""Dilation"", ""SE1""], [1, ""Dilation"", ""SE5""], [1, ""Dilation"", ""SE7""], [1, ""Erosion"", ""SE1""], [1, ""Erosion"", ""SE1""], [1, ""Erosion"", ""SE5""], [1, ""Erosion"", ""SE7""], [2, ""Dilation"", ""SE1""], [2, ""Dilation"", ""SE1""], [2, ""Dilation"", ""SE2""], [2, ""Dilation"", ""SE5""], [2, ""Erosion"", ""SE1""], [2, ""Erosion"", ""SE1""], [2, ""Erosion"", ""SE2""], [2, ""Erosion"", ""SE5""], [3, ""Dilation"", ""SE1""], [3, ""Dilation"", ""SE6""], [3, ""Dilation"", ""SE1""], [3, ""Dilation"", ""SE6""], [3, ""Erosion"", ""SE1""], [3, ""Erosion"", ""SE6""], [3, ""Erosion"", ""SE1""], [3, ""Erosion"", ""SE6""], [None, ""color_rule"", [[0, 0, 0, 0], [0, 0, 1, 2], [0, 1, 0, 3], [0, 1, 1, 1], [1, 0, 0, 1], [1, 0, 1, 1], [1, 1, 0, 1], [1, 1, 1, 1]]]]",345414.5853090286
Task071,"[[1, ""Dilation"", ""SE1""], [1, ""Dilation"", ""SE1""], [1, ""Dilation"", ""SE1""], [1, ""Dilation"", ""SE4""], [1, ""Erosion"", ""SE1""], [1, ""Erosion"", ""SE1""], [1, ""Erosion"", ""SE1""], [1, ""Erosion"", ""SE4""], [2, ""Dilation"", ""SE1""], [2, ""Dilation"", ""SE2""], [2, ""Dilation"", ""SE7""], [2, ""Dilation"", ""SE1""], [2, ""Erosion"", ""SE1""], [2, ""Erosion"", ""SE2""], [2, ""Erosion"", ""SE7""], [2, ""Erosion"", ""SE1""], [3, ""Dilation"", ""SE1""], [3, ""Dilation"", ""SE1""], [3, ""Dilation"", ""SE1""], [3, ""Dilation"", ""SE5""], [3, ""Erosion"", ""SE1""], [3, ""Erosion"", ""SE1""], [3, ""Erosion"", ""SE1""], [3, ""Erosion"", ""SE5""], [None, ""color_rule"", [[0, 0, 0, 0], [0, 0, 1, 3], [0, 1, 0, 2], [0, 1, 1, 1], [1, 0, 0, 3], [1, 0, 1, 1], [1, 1, 0, 1], [1, 1, 1, 1]]]]",90876.75542712212
Task072,"[[1, ""Dilation"", ""SE1""], [1, ""Dilation"", ""SE1""], [1, ""Dilation"", ""SE1""], [1, ""Dilation"", ""SE7""], [1, ""Erosion"", ""SE1""], [1, ""Erosion"", ""SE1""], [1, ""Erosion"", ""SE1""], [1, ""Erosion"", ""SE7""], [2, ""Dilation"", ""SE1""], [2, ""Dilation"", ""SE1""], [2, ""Dilation"", ""SE8""], [2, ""Dilation"", ""SE2""], [2, ""Erosion"", ""SE1""], [2, ""Erosion"", ""SE1""], [2, ""Erosion"", ""SE8""], [2, ""Erosion"", ""SE2""], [3, ""Dilation"", ""SE1""], [3, ""Dilation"", ""SE1""], [3, ""Dilation"", ""SE1""], [3, ""Dilation"", ""SE2""], [3, ""Erosion"", ""SE1""], [3, ""Erosion"", ""SE1""], [3, ""Erosion"", ""SE1""], [3, ""Erosion"", ""SE2""], [None, ""color_rule"", [[0, 0, 0, 0], [0, 0, 1, 2], [0, 1, 0, 2], [0, 1, 1, 1], [1, 0, 0, 2], [1, 0, 1, 2], [1, 1, 0, 1], [1, 1, 1, 1]]]]",142105.6271724701
Task074,"[[1, ""Dilation"", ""SE1""], [1, ""Dilation"", ""SE1""], [1, ""Dilation"", ""SE1""], [1, ""Erosion"", ""SE1""], [1, ""Erosion"", ""SE1""], [1, ""Erosion"", ""SE1""], [2, ""Dilation"", ""SE1""], [2, ""Dilation"", ""SE5""], [2, ""Dilation"", ""SE4""], [2, ""Dilation"", ""SE5""], [2, ""Erosion"", ""SE1""], [2, ""Erosion"", ""SE5""], [2, ""Erosion"", ""SE4""], [2, ""Erosion"", ""SE5""], [3, ""Dilation"", ""SE1""], [3, ""Dilation"", ""SE2""], [3, ""Dilation"", ""SE7""], [3, ""Dilation"", ""SE4""], [3, ""Erosion"", ""SE1""], [3, ""Erosion"", ""SE2""], [3, ""Erosion"", ""SE7""], [3, ""Erosion"", ""SE4""], [None, ""color_rule"", [[0, 0, 0, 0], [0, 0, 1, 3], [0, 1, 0, 1], [0, 1, 1, 1], [1, 0, 0, 3], [1, 0, 1, 1], [1, 1, 0, 1], [1, 1, 1, 1]]]]",27252.5820581913
Task076,"[[1, ""Dilation"", ""SE1""], [1, ""Dilation"", ""SE1""], [1, ""Dilation"", ""SE6""], [1, ""Dilation"", ""SE8""], [1, ""Erosion"", ""SE1""], [1, ""Erosion"", ""SE1""], [1, ""Erosion"", ""SE6""], [1, ""Erosion"", ""SE8""], [2, ""Dilation"", ""SE1""], [2, ""Dilation"", ""SE2""], [2, ""Dilation"", ""SE2""], [2, ""Dilation"", ""SE6""], [2, ""Erosion"", ""SE1""], [2, ""Erosion"", ""SE2""], [2, ""Erosion"", ""SE2""], [2, ""Erosion"", ""SE6""], [3, ""Dilation"", ""SE1""], [3, ""Dilation"", ""SE2""], [3, ""Dilation"", ""SE2""], [3, ""Dilation"", ""SE4""], [3, ""Erosion"", ""SE1""], [3, ""Erosion"", ""SE2""], [3, ""Erosion"", ""SE2""], [3, ""Erosion"", ""SE4""], [None, ""color_rule"", [[0, 0, 0, 0], [0, 0, 1, 3], [0, 1, 0, 3], [0, 1, 1, 1], [1, 0, 0, 1], [1, 0, 1, 3], [1, 1, 0, 1], [1, 1, 1, 1]]]]",217758.89844727516
Task078,"[[1, ""Dilation"", ""SE1""], [1, ""Dilation"", ""SE7""], [1, ""Dilation"", ""SE7""], [1, ""Dilation"", ""SE7""], [1, ""Erosion"", ""SE1""], [1, ""Erosion"", ""SE7""], [1, ""Erosion"", ""SE7""], [1, ""Erosion"", ""SE7""], [2, ""Dilation"", ""SE5""], [2, ""Dilation"", ""SE2""], [2, ""Dilation"", ""SE6""], [2, ""Dilation"", ""SE8""], [2, ""Erosion"", ""SE5""], [2, ""Erosion"", ""SE2""], [2, ""Erosion"", ""SE6""], [2, ""Erosion"", ""SE8""], [3, ""Dilation"", ""SE7""], [3, ""Dilation"", ""SE1""], [3, ""Dilation"", ""SE8""], [3, ""Dilation"", ""SE8""], [3, ""Erosion"", ""SE7""], [3, ""Erosion"", ""SE1""], [3, ""Erosion"", ""SE8""], [3, ""Erosion"", ""SE8""], [None, ""color_rule"", [[0, 0, 0, 0], [0, 0, 1, 2], [0, 1, 0, 2], [0, 1, 1, 2], [1, 0, 0, 3], [1, 0, 1, 2], [1, 1, 0, 1], [1, 1, 1, 1]]]]",1866.184603691101
Task081,"[[1, ""Dilation"", ""SE1""], [1, ""Dilation"", ""SE1""], [1, ""Dilation"", ""SE2""], [1, ""Dilation"", ""SE4""], [1, ""Erosion"", ""SE1""], [1, ""Erosion"", ""SE1""], [1, ""Erosion"", ""SE2""], [1, ""Erosion"", ""SE4""], [2, ""Dilation"", ""SE2""], [2, ""Dilation"", ""SE6""], [2, ""Dilation"", ""SE4""], [2, ""Dilation"", ""SE6""], [2, ""Erosion"", ""SE2""], [2, ""Erosion"", ""SE6""], [2, ""Erosion"", ""SE4""], [2, ""Erosion"", ""SE6""], [3, ""Dilation"", ""SE1""], [3, ""Dilation"", ""SE2""], [3, ""Dilation"", ""SE4""], [3, ""Dilation"", ""SE8""], [3, ""Erosion"", ""SE1""], [3, ""Erosion"", ""SE2""], [3, ""Erosion"", ""SE4""], [3, ""Erosion"", ""SE8""], [None, ""color_rule"", [[0, 0, 0, 0], [0, 0, 1, 1], [0, 1, 0, 1], [0, 1, 1, 1], [1, 0, 0, 1], [1, 0, 1, 1], [1, 1, 0, 1], [1, 1, 1, 1]]]]",583528.8570837975
Task083,"[[1, ""Dilation"", ""SE1""], [1, ""Dilation"", ""SE1""], [1, ""Dilation"", ""SE2""], [1, ""Dilation"", ""SE6""], [1, ""Erosion"", ""SE1""], [1, ""Erosion"", ""SE1""], [1, ""Erosion"", ""SE2""], [1, ""Erosion"", ""SE6""], [2, ""Dilation"", ""SE1""], [2, ""Dilation"", ""SE1""], [2, ""Dilation"", ""SE1""], [2, ""Dilation"", ""SE8""], [2, ""Erosion"", ""SE1""], [2, ""Erosion"", ""SE1""], [2, ""Erosion"", ""SE1""], [2, ""Erosion"", ""SE8""], [3, ""Dilation"", ""SE1""], [3, ""Dilation"", ""SE5""], [3, ""Dilation"", ""SE7""], [3, ""Dilation"", ""SE1""], [3, ""Erosion"", ""SE1""], [3, ""Erosion"", ""SE5""], [3, ""Erosion"", ""SE7""], [3, ""Erosion"", ""SE1""], [None, ""color_rule"", [[0, 0, 0, 0], [0, 0, 1, 3], [0, 1, 0, 2], [0, 1, 1, 1], [1, 0, 0, 2], [1, 0, 1, 1], [1, 1, 0, 1], [1, 1, 1, 1]]]]",666623.4717626572
Task086,"[[1, ""Dilation"", ""SE1""], [1, ""Dilation"", ""SE1""], [1, ""Dilation"", ""SE5""], [1, ""Dilation"", ""SE7""], [1, ""Erosion"", ""SE1""], [1, ""Erosion"", ""SE1""], [1, ""Erosion"", ""SE5""], [1, ""Erosion"", ""SE7""], [2, ""Dilation"", ""SE2""], [2, ""Dilation"", ""SE7""], [2, ""Dilation"", ""SE2""], [2, ""Dilation"", ""SE7""], [2, ""Erosion"", ""SE2""], [2, ""Erosion"", ""SE7""], [2, ""Erosion"", ""SE2""], [2, ""Erosion"", ""SE7""], [3, ""Dilation"", ""SE1""], [3, ""Dilation"", ""SE5""], [3, ""Dilation"", ""SE7""], [3, ""Dilation"", ""SE1""], [3, ""Erosion"", ""SE1""], [3, ""Erosion"", ""SE5""], [3, ""Erosion"", ""SE7""], [3, ""Erosion"", ""SE1""], [None, ""color_rule"", [[0, 0, 0, 0], [0, 0, 1, 2], [0, 1, 0, 3], [0, 1, 1, 2], [1, 0, 0, 2], [1, 0, 1, 1], [1, 1, 0, 1], [1, 1, 1, 1]]]]",3154.6607251167297
Task093,"[[1, ""Dilation"", ""SE1""], [1, ""Dilation"", ""SE1""], [1, ""Dilation"", ""SE1""], [1, ""Erosion"", ""SE1""], [1, ""Erosion"", ""SE1""], [1, ""Erosion"", ""SE1""], [2, ""Dilation"", ""SE1""], [2, ""Dilation"", ""SE7""], [2, ""Dilation"", ""SE8""], [2, ""Dilation"", ""SE1""], [2, ""Erosion"", ""SE1""], [2, ""Erosion"", ""SE7""], [2, ""Erosion"", ""SE8""], [2, ""Erosion"", ""SE1""], [3, ""Dilation"", ""SE2""], [3, ""Dilation"", ""SE2""], [3, ""Dilation"", ""SE2""], [3, ""Dilation"", ""SE8""], [3, ""Erosion"", ""SE2""], [3, ""Erosion"", ""SE2""], [3, ""Erosion"", ""SE2""], [3, ""Erosion"", ""SE8""], [None, ""color_rule"", [[0, 0, 0, 0], [0, 0, 1, 2], [0, 1, 0, 3], [0, 1, 1, 1], [1, 0, 0, 3], [1, 0, 1, 1], [1, 1, 0, 1], [1, 1, 1, 1]]]]",1117.1963679790497
Task095,"[[1, ""Dilation"", ""SE1""], [1, ""Dilation"", ""SE1""], [1, ""Dilation"", ""SE1""], [1, ""Dilation"", ""SE4""], [1, ""Erosion"", ""SE1""], [1, ""Erosion"", ""SE1""], [1, ""Erosion"", ""SE1""], [1, ""Erosion"", ""SE4""], [2, ""Dilation"", ""SE1""], [2, ""Dilation"", ""SE1""], [2, ""Dilation"", ""SE2""], [2, ""Dilation"", ""SE4""], [2, ""Erosion"", ""SE1""], [2, ""Erosion"", ""SE1""], [2, ""Erosion"", ""SE2""], [2, ""Erosion"", ""SE4""], [3, ""Dilation"", ""SE1""], [3, ""Dilation"", ""SE2""], [3, ""Dilation"", ""SE5""], [3, ""Dilation"", ""SE2""], [3, ""Erosion"", ""SE1""], [3, ""Erosion"", ""SE2""], [3, ""Erosion"", ""SE5""], [3, ""Erosion"", ""SE2""], [None, ""color_rule"", [[0, 0, 0, 0], [0, 0, 1, 2], [0, 1, 0, 3], [0, 1, 1, 1], [1, 0, 0, 3], [1, 0, 1, 1], [1, 1, 0, 2], [1, 1, 1, 1]]]]",377551.9954805374
Task097,"[[1, ""Dilation"", ""SE1""], [1, ""Dilation"", ""SE1""], [1, ""Dilation"", ""SE1""], [1, ""Dilation"", ""SE1""], [1, ""Erosion"", ""SE1""], [1, ""Erosion"", ""SE1""], [1, ""Erosion"", ""SE1""], [1, ""Erosion"", ""SE1""], [2, ""Dilation"", ""SE2""], [2, ""Dilation"", ""SE6""], [2, ""Dilation"", ""SE8""], [2, ""Dilation"", ""SE2""], [2, ""Erosion"", ""SE2""], [2, ""Erosion"", ""SE6""], [2, ""Erosion"", ""SE8""], [2, ""Erosion"", ""SE2""], [3, ""Dilation"", ""SE1""], [3, ""Dilation"", ""SE1""], [3, ""Dilation"", ""SE1""], [3, ""Dilation"", ""SE7""], [3, ""Erosion"", ""SE1""], [3, ""Erosion"", ""SE1""], [3, ""Erosion"", ""SE1""], [3, ""Erosion"", ""SE7""], [None, ""color_rule"", [[0, 0, 0, 0], [0, 0, 1, 2], [0, 1, 0, 1], [0, 1, 1, 1], [1, 0, 0, 3], [1, 0, 1, 1], [1, 1, 0, 1], [1, 1, 1, 1]]]]",6747.937132120132
Task099,"[[1, ""Dilation"", ""SE1""], [1, ""Dilation"", ""SE1""], [1, ""Dilation"", ""SE2""], [1, ""Dilation"", ""SE2""], [1, ""Erosion"", ""SE1""], [1, ""Erosion"", ""SE1""], [1, ""Erosion"", ""SE2""], [1, ""Erosion"", ""SE2""], [2, ""Dilation"", ""SE2""], [2, ""Dilation"", ""SE2""], [2, ""Dilation"", ""SE5""], [2, ""Dilation"", ""SE7""], [2, ""Erosion"", ""SE2""], [2, ""Erosion"", ""SE2""], [2, ""Erosion"", ""SE5""], [2, ""Erosion"", ""SE7""], [3, ""Dilation"", ""SE1""], [3, ""Dilation"", ""SE4""], [3, ""Dilation"", ""SE5""], [3, ""Dilation"", ""SE6""], [3, ""Erosion"", ""SE1""], [3, ""Erosion"", ""SE4""], [3, ""Erosion"", ""SE5""], [3, ""Erosion"", ""SE6""], [None, ""color_rule"", [[0, 0, 0, 0], [0, 0, 1, 3], [0, 1, 0, 1], [0, 1, 1, 1], [1, 0, 0, 3], [1, 0, 1, 1], [1, 1, 0, 1], [1, 1, 1, 1]]]]",8651.220024108887
Task090,"[[1, ""Dilation"", ""SE4""], [1, ""Dilation"", ""SE2""], [1, ""Dilation"", ""SE8""], [1, ""Dilation"", ""SE6""], [1, ""Erosion"", ""SE4""], [1, ""Erosion"", ""SE2""], [1, ""Erosion"", ""SE8""], [1, ""Erosion"", ""SE6""], [2, ""Dilation"", ""SE8""], [2, ""Dilation"", ""SE6""], [2, ""Dilation"", ""SE2""], [2, ""Dilation"", ""SE1""], [2, ""Erosion"", ""SE8""], [2, ""Erosion"", ""SE6""], [2, ""Erosion"", ""SE2""], [2, ""Erosion"", ""SE1""], [3, ""Dilation"", ""SE5""], [3, ""Dilation"", ""SE2""], [3, ""Dilation"", ""SE6""], [3, ""Dilation"", ""SE4""], [3, ""Erosion"", ""SE5""], [3, ""Erosion"", ""SE2""], [3, ""Erosion"", ""SE6""], [3, ""Erosion"", ""SE4""], [None, ""color_rule"", [[0, 0, 0, 0], [0, 0, 1, 1], [0, 1, 0, 3], [0, 1, 1, 1], [1, 0, 0, 3], [1, 0, 1, 1], [1, 1, 0, 1], [1, 1, 1, 1]]]]",32.588950872421265
Task043,"[[1, ""Dilation"", ""SE8""], [1, ""Dilation"", ""SE6""], [1, ""Dilation"", ""SE2""], [1, ""Dilation"", ""SE1""], [1, ""Erosion"", ""SE8""], [1, ""Erosion"", ""SE6""], [1, ""Erosion"", ""SE2""], [1, ""Erosion"", ""SE1""], [2, ""Dilation"", ""SE7""], [2, ""Dilation"", ""SE2""], [2, ""Dilation"", ""SE3""], [2, ""Dilation"", ""SE4""], [2, ""Erosion"", ""SE7""], [2, ""Erosion"", ""SE2""], [2, ""Erosion"", ""SE3""], [2, ""Erosion"", ""SE4""], [3, ""Dilation"", ""SE8""], [3, ""Dilation"", ""SE5""], [3, ""Dilation"", ""SE8""], [3, ""Dilation"", ""SE2""], [3, ""Erosion"", ""SE8""], [3, ""Erosion"", ""SE5""], [3, ""Erosion"", ""SE8""], [3, ""Erosion"", ""SE2""], [None, ""color_rule"", [[0, 0, 0, 0], [0, 0, 1, 1], [0, 1, 0, 2], [0, 1, 1, 1], [1, 0, 0, 3], [1, 0, 1, 1], [1, 1, 0, 1], [1, 1, 1, 1]]]]",148.04430174827576
Task008,"[[1, ""Dilation"", ""SE1""], [1, ""Dilation"", ""SE8""], [1, ""Dilation"", ""SE2""], [1, ""Dilation"", ""SE4""], [1, ""Erosion"", ""SE1""], [1, ""Erosion"", ""SE8""], [1, ""Erosion"", ""SE2""], [1, ""Erosion"", ""SE4""], [2, ""Dilation"", ""SE8""], [2, ""Dilation"", ""SE5""], [2, ""Dilation"", ""SE7""], [2, ""Dilation"", ""SE5""], [2, ""Erosion"", ""SE8""], [2, ""Erosion"", ""SE5""], [2, ""Erosion"", ""SE7""], [2, ""Erosion"", ""SE5""], [3, ""Dilation"", ""SE6""], [3, ""Dilation"", ""SE5""], [3, ""Dilation"", ""SE4""], [3, ""Dilation"", ""SE8""], [3, ""Erosion"", ""SE6""], [3, ""Erosion"", ""SE5""], [3, ""Erosion"", ""SE4""], [3, ""Erosion"", ""SE8""], [None, ""color_rule"", [[0, 0, 0, 0], [0, 0, 1, 3], [0, 1, 0, 1], [0, 1, 1, 1], [1, 0, 0, 1], [1, 0, 1, 1], [1, 1, 0, 1], [1, 1, 1, 1]]]]",341.54500341415405
Task001,"[[1, ""Dilation"", ""SE7""], [1, ""Dilation"", ""SE7""], [1, ""Dilation"", ""SE1""], [1, ""Dilation"", ""SE5""], [1, ""Erosion"", ""SE7""], [1, ""Erosion"", ""SE7""], [1, ""Erosion"", ""SE1""], [1, ""Erosion"", ""SE5""], [2, ""Dilation"", ""SE7""], [2, ""Dilation"", ""SE6""], [2, ""Dilation"", ""SE3""], [2, ""Dilation"", ""SE4""], [2, ""Erosion"", ""SE7""], [2, ""Erosion"", ""SE6""], [2, ""Erosion"", ""SE3""], [2, ""Erosion"", ""SE4""], [3, ""Dilation"", ""SE8""], [3, ""Dilation"", ""SE1""], [3, ""Dilation"", ""SE6""], [3, ""Dilation"", ""SE7""], [3, ""Erosion"", ""SE8""], [3, ""Erosion"", ""SE1""], [3, ""Erosion"", ""SE6""], [3, ""Erosion"", ""SE7""], [None, ""color_rule"", [[0, 0, 0, 0], [0, 0, 1, 1], [0, 1, 0, 1], [0, 1, 1, 1], [1, 0, 0, 3], [1, 0, 1, 1], [1, 1, 0, 3], [1, 1, 1, 1]]]]",887.9281840324402
Task075,"[[1, ""Dilation"", ""SE1""], [1, ""Dilation"", ""SE3""], [1, ""Dilation"", ""SE8""], [1, ""Dilation"", ""SE7""], [1, ""Erosion"", ""SE1""], [1, ""Erosion"", ""SE3""], [1, ""Erosion"", ""SE8""], [1, ""Erosion"", ""SE7""], [2, ""Dilation"", ""SE4""], [2, ""Dilation"", ""SE4""], [2, ""Dilation"", ""SE5""], [2, ""Dilation"", ""SE1""], [2, ""Erosion"", ""SE4""], [2, ""Erosion"", ""SE4""], [2, ""Erosion"", ""SE5""], [2, ""Erosion"", ""SE1""], [3, ""Dilation"", ""SE2""], [3, ""Dilation"", ""SE4""], [3, ""Dilation"", ""SE4""], [3, ""Dilation"", ""SE5""], [3, ""Erosion"", ""SE2""], [3, ""Erosion"", ""SE4""], [3, ""Erosion"", ""SE4""], [3, ""Erosion"", ""SE5""], [None, ""color_rule"", [[0, 0, 0, 0], [0, 0, 1, 1], [0, 1, 0, 2], [0, 1, 1, 1], [1, 0, 0, 1], [1, 0, 1, 1], [1, 1, 0, 2], [1, 1, 1, 1]]]]",1117.101342201233
Task033,"[[1, ""Dilation"", ""SE7""], [1, ""Dilation"", ""SE1""], [1, ""Dilation"", ""SE7""], [1, ""Dilation"", ""SE8""], [1, ""Erosion"", ""SE7""], [1, ""Erosion"", ""SE1""], [1, ""Erosion"", ""SE7""], [1, ""Erosion"", ""SE8""], [2, ""Dilation"", ""SE3""], [2, ""Dilation"", ""SE2""], [2, ""Dilation"", ""SE3""], [2, ""Dilation"", ""SE5""], [2, ""Erosion"", ""SE3""], [2, ""Erosion"", ""SE2""], [2, ""Erosion"", ""SE3""], [2, ""Erosion"", ""SE5""], [3, ""Dilation"", ""SE3""], [3, ""Dilation"", ""SE3""], [3, ""Dilation"", ""SE6""], [3, ""Dilation"", ""SE4""], [3, ""Erosion"", ""SE3""], [3, ""Erosion"", ""SE3""], [3, ""Erosion"", ""SE6""], [3, ""Erosion"", ""SE4""], [None, ""color_rule"", [[0, 0, 0, 0], [0, 0, 1, 1], [0, 1, 0, 3], [0, 1, 1, 1], [1, 0, 0, 1], [1, 0, 1, 1], [1, 1, 0, 1], [1, 1, 1, 1]]]]",1523.6341035366058
Task002,"[[1, ""Dilation"", ""SE7""], [1, ""Dilation"", ""SE8""], [1, ""Dilation"", ""SE1""], [1, ""Dilation"", ""SE5""], [1, ""Erosion"", ""SE7""], [1, ""Erosion"", ""SE8""], [1, ""Erosion"", ""SE1""], [1, ""Erosion"", ""SE5""], [2, ""Dilation"", ""SE1""], [2, ""Dilation"", ""SE4""], [2, ""Dilation"", ""SE2""], [2, ""Dilation"", ""SE7""], [2, ""Erosion"", ""SE1""], [2, ""Erosion"", ""SE4""], [2, ""Erosion"", ""SE2""], [2, ""Erosion"", ""SE7""], [3, ""Dilation"", ""SE8""], [3, ""Dilation"", ""SE6""], [3, ""Dilation"", ""SE1""], [3, ""Dilation"", ""SE2""], [3, ""Erosion"", ""SE8""], [3, ""Erosion"", ""SE6""], [3, ""Erosion"", ""SE1""], [3, ""Erosion"", ""SE2""], [None, ""color_rule"", [[0, 0, 0, 0], [0, 0, 1, 1], [0, 1, 0, 1], [0, 1, 1, 1], [1, 0, 0, 1], [1, 0, 1, 3], [1, 1, 0, 1], [1, 1, 1, 1]]]]",2832.4101433753967
Task019,"[[1, ""Dilation"", ""SE3""], [1, ""Dilation"", ""SE5""], [1, ""Dilation"", ""SE1""], [1, ""Dilation"", ""SE4""], [1, ""Erosion"", ""SE3""], [1, ""Erosion"", ""SE5""], [1, ""Erosion"", ""SE1""], [1, ""Erosion"", ""SE4""], [2, ""Dilation"", ""SE4""], [2, ""Dilation"", ""SE8""], [2, ""Dilation"", ""SE6""], [2, ""Dilation"", ""SE1""], [2, ""Erosion"", ""SE4""], [2, ""Erosion"", ""SE8""], [2, ""Erosion"", ""SE6""], [2, ""Erosion"", ""SE1""], [3, ""Dilation"", ""SE5""], [3, ""Dilation"", ""SE3""], [3, ""Dilation"", ""SE1""], [3, ""Dilation"", ""SE5""], [3, ""Erosion"", ""SE5""], [3, ""Erosion"", ""SE3""], [3, ""Erosion"", ""SE1""], [3, ""Erosion"", ""SE5""], [None, ""color_rule"", [[0, 0, 0, 0], [0, 0, 1, 2], [0, 1, 0, 3], [0, 1, 1, 1], [1, 0, 0, 1], [1, 0, 1, 1], [1, 1, 0, 1], [1, 1, 1, 1]]]]",4155.0654990673065
